event_type,name,reliability
DISTPAR,bn160308812,1.0
DISTPAR,bn110702686,1.0
DISTPAR,bn151229987,1.0
DISTPAR,bn230212974,1.0
DISTPAR,bn100417393,1.0
DISTPAR,bn100630023,1.0
DISTPAR,bn120807881,1.0
DISTPAR,bn231012705,1.0
DISTPAR,bn100530345,1.0
DISTPAR,bn150608698,1.0
DISTPAR,bn110517174,1.0
DISTPAR,bn100623924,1.0
DISTPAR,bn221224201,1.0
DISTPAR,bn210320996,1.0
DISTPAR,bn150816363,1.0
DISTPAR,bn150827988,1.0
DISTPAR,bn170927630,1.0
DISTPAR,bn150817286,1.0
DISTPAR,bn170908010,1.0
DISTPAR,bn231201559,1.0
DISTPAR,bn150827996,1.0
DISTPAR,bn120716498,1.0
DISTPAR,bn161221656,1.0
DISTPAR,bn130623105,1.0
DISTPAR,bn150907763,1.0
DISTPAR,bn161026708,1.0
DISTPAR,bn230324184,1.0
DISTPAR,bn131002863,1.0
DISTPAR,bn120426135,1.0
DISTPAR,bn110926831,1.0
DISTPAR,bn230227591,1.0
DISTPAR,bn170422978,1.0
DISTPAR,bn230324049,1.0
DISTPAR,bn230227519,1.0
DISTPAR,bn170904973,1.0
DISTPAR,bn160218161,1.0
DISTPAR,bn171108562,1.0
DISTPAR,bn230227660,1.0
DISTPAR,bn190927642,1.0
DISTPAR,bn100529354,1.0
DISTPAR,bn151211648,1.0
DISTPAR,bn231106207,1.0
DISTPAR,bn160120752,1.0
DISTPAR,bn141022696,1.0
DISTPAR,bn150615574,1.0
DISTPAR,bn230919181,1.0
DISTPAR,bn230227526,1.0
DISTPAR,bn230919249,1.0
DISTPAR,bn131201489,1.0
DISTPAR,bn150816686,1.0
DISTPAR,bn151008023,1.0
DISTPAR,bn161026840,1.0
DISTPAR,bn160306931,1.0
DISTPAR,bn230521851,1.0
DISTPAR,bn110312026,1.0
DISTPAR,bn120716426,1.0
DISTPAR,bn170124977,1.0
DISTPAR,bn230616224,1.0
DISTPAR,bn120413088,1.0
DISTPAR,bn160101264,1.0
DISTPAR,bn110316205,1.0
DISTPAR,bn160101126,1.0
DISTPAR,bn170908867,1.0
DISTPAR,bn100927649,1.0
DISTPAR,bn170908610,1.0
DISTPAR,bn230720631,1.0
DISTPAR,bn150827923,1.0
DISTPAR,bn140207935,1.0
DISTPAR,bn150530254,1.0
DISTPAR,bn110813422,1.0
DISTPAR,bn140831304,1.0
DISTPAR,bn120618144,1.0
DISTPAR,bn170906983,1.0
DISTPAR,bn230324243,1.0
DISTPAR,bn180607151,1.0
DISTPAR,bn221226871,1.0
DISTPAR,bn150828548,1.0
DISTPAR,bn150417778,1.0
DISTPAR,bn210527494,1.0
DISTPAR,bn151107454,1.0
DISTPAR,bn220626948,1.0
DISTPAR,bn170929506,1.0
DISTPAR,bn150317588,1.0
DISTPAR,bn131206898,1.0
DISTPAR,bn180826291,1.0
DISTPAR,bn150319498,1.0
DISTPAR,bn180826356,1.0
DISTPAR,bn230424394,1.0
DISTPAR,bn230324149,1.0
DISTPAR,bn150424722,1.0
DISTPAR,bn120309265,1.0
DISTPAR,bn150907794,1.0
DISTPAR,bn150816329,1.0
DISTPAR,bn140312339,1.0
DISTPAR,bn170908071,1.0
DISTPAR,bn160317640,1.0
DISTPAR,bn230227687,1.0
DISTPAR,bn231201791,1.0
DISTPAR,bn110831936,1.0
DISTPAR,bn220115230,1.0
DISTPAR,bn100725573,1.0
DISTPAR,bn120628973,1.0
DISTPAR,bn180128915,1.0
DISTPAR,bn130419551,1.0
GRB,bn120403857,1.0
TGF,bn140912846,1.0
GRB,bn120227725,1.0
TGF,bn140630748,1.0
GRB,bn230524357,1.0
GRB,bn141205018,1.0
GRB,bn180630467,1.0
GRB,bn170116238,1.0
TGF,bn170909434,1.0
TGF,bn100911473,1.0
TGF,bn190105022,1.0
GRB,bn091026550,1.0
GRB,bn150312403,1.0
GRB,bn110520302,1.0
GRB,bn121216419,1.0
TGF,bn180724548,1.0
TGF,bn130820401,1.0
GRB,bn200107810,1.0
GRB,bn101227195,1.0
GRB,bn220430900,1.0
TGF,bn201025784,1.0
TGF,bn140804347,1.0
GRB,bn160326062,1.0
TGF,bn180417162,1.0
TGF,bn200202897,1.0
GRB,bn231129799,1.0
GRB,bn220413167,1.0
GRB,bn101116481,1.0
TGF,bn230623782,1.0
TGF,bn160311670,1.0
GRB,bn220921473,1.0
TGF,bn111121424,1.0
GRB,bn170130697,1.0
GRB,bn110205027,1.0
TGF,bn161014981,1.0
GRB,bn110825265,1.0
GRB,bn160919613,1.0
TGF,bn120605851,1.0
GRB,bn120830212,1.0
GRB,bn140323433,1.0
GRB,bn220415645,1.0
TGF,bn120312139,1.0
TGF,bn220904222,1.0
GRB,bn100325246,1.0
TGF,bn180814995,1.0
GRB,bn100507577,1.0
TGF,bn100927599,1.0
TGF,bn211106362,1.0
TGF,bn101230452,1.0
GRB,bn140518709,1.0
GRB,bn130623488,1.0
TGF,bn170316801,1.0
TGF,bn211201765,1.0
TGF,bn140603720,1.0
GRB,bn231031144,1.0
TGF,bn120809447,1.0
GRB,bn141004150,1.0
TGF,bn150413702,1.0
GRB,bn101024486,1.0
TGF,bn231018389,1.0
GRB,bn200119692,1.0
TGF,bn160501904,1.0
TGF,bn180622923,1.0
TGF,bn130510430,1.0
TGF,bn091211599,1.0
GRB,bn110716018,1.0
TGF,bn161213977,1.0
GRB,bn110819665,1.0
GRB,bn190731943,1.0
GRB,bn090810659,1.0
GRB,bn160406570,1.0
TGF,bn120602615,1.0
TGF,bn210503456,1.0
TGF,bn131128714,1.0
GRB,bn130804023,1.0
TGF,bn180907966,1.0
TGF,bn160902121,1.0
TGF,bn201125415,1.0
GRB,bn120114433,1.0
TGF,bn121206588,1.0
GRB,bn230307656,1.0
TGF,bn180220385,1.0
TGF,bn220924352,1.0
GRB,bn180614327,1.0
GRB,bn141022087,1.0
GRB,bn100112418,1.0
GRB,bn121116459,1.0
TGF,bn230801655,1.0
GRB,bn110212550,1.0
TGF,bn101206347,1.0
TGF,bn140515334,1.0
TGF,bn220219401,1.0
GRB,bn141221897,1.0
GRB,bn150602840,1.0
TGF,bn171113741,1.0
GRB,bn190825171,1.0
TGF,bn110625403,1.0
GRB,bn080714425,1.0
GRB,bn091117080,1.0
GRB,bn200809654,1.0
TGF,bn150625242,1.0
GRB,bn110517453,1.0
GRB,bn140712973,1.0
GRB,bn201227635,1.0
TGF,bn230111190,1.0
GRB,bn090304216,1.0
GRB,bn151026523,1.0
GRB,bn100604287,1.0
GRB,bn140213807,1.0
TGF,bn200614021,1.0
GRB,bn090922605,1.0
GRB,bn190422284,1.0
GRB,bn090513941,1.0
TGF,bn191211139,1.0
GRB,bn130425327,1.0
TGF,bn200226521,1.0
GRB,bn160325291,1.0
TGF,bn230103836,1.0
GRB,bn091102607,1.0
GRB,bn231214850,1.0
TGF,bn111119856,1.0
GRB,bn100926595,1.0
TGF,bn111121780,1.0
GRB,bn141022061,1.0
TGF,bn120827282,1.0
TGF,bn180923900,1.0
GRB,bn170113420,1.0
GRB,bn120827216,1.0
TGF,bn190508107,1.0
GRB,bn100517639,1.0
GRB,bn090802666,1.0
GRB,bn110618366,1.0
TGF,bn110212898,1.0
GRB,bn090516137,1.0
TGF,bn111126752,1.0
TGF,bn200221697,1.0
GRB,bn130320560,1.0
TGF,bn170717676,1.0
TGF,bn210628068,1.0
GRB,bn201104001,1.0
TGF,bn120708971,1.0
TGF,bn200312245,1.0
TGF,bn170130027,1.0
GRB,bn120711115,1.0
TGF,bn110929614,1.0
GRB,bn090927422,1.0
TGF,bn110928729,1.0
TGF,bn171124565,1.0
TGF,bn110918187,1.0
TGF,bn210214860,1.0
GRB,bn171212434,1.0
TGF,bn190517095,1.0
GRB,bn140616165,1.0
GRB,bn090606471,1.0
GRB,bn230709735,1.0
GRB,bn130505955,1.0
TGF,bn170509445,1.0
GRB,bn200120962,1.0
TGF,bn120818925,1.0
TGF,bn131017410,1.0
GRB,bn080717543,1.0
TGF,bn211106744,1.0
GRB,bn100429999,1.0
GRB,bn230415474,1.0
GRB,bn120107384,1.0
TGF,bn161104977,1.0
GRB,bn131204937,1.0
GRB,bn130327350,1.0
TGF,bn150714960,1.0
GRB,bn220730659,1.0
GRB,bn090725838,1.0
GRB,bn140322424,1.0
TGF,bn100928901,1.0
GRB,bn210520797,1.0
GRB,bn150902733,1.0
GRB,bn170625692,1.0
GRB,bn180804931,1.0
GRB,bn140110411,1.0
TGF,bn171119681,1.0
GRB,bn130218261,1.0
TGF,bn121012241,1.0
GRB,bn130420422,1.0
GRB,bn171024977,1.0
TGF,bn170424681,1.0
TGF,bn150209374,1.0
TGF,bn160711992,1.0
TGF,bn190515435,1.0
SGR,bn221109533,1.0
GRB,bn240107803,1.0
GRB,bn221201517,1.0
TGF,bn100501128,1.0
TGF,bn130202274,1.0
TGF,bn100713481,1.0
TGF,bn190731188,1.0
TGF,bn200213374,1.0
GRB,bn210126417,1.0
TGF,bn130321926,1.0
GRB,bn090719063,1.0
TGF,bn160608977,1.0
TGF,bn101002507,1.0
GRB,bn180906759,1.0
TGF,bn170619358,1.0
GRB,bn100605774,1.0
GRB,bn110316139,1.0
GRB,bn231123809,1.0
TGF,bn130415857,1.0
GRB,bn191220589,1.0
TGF,bn130204258,1.0
GRB,bn090524346,1.0
GRB,bn150404733,1.0
TGF,bn160322317,1.0
TGF,bn140226794,1.0
TGF,bn101128617,1.0
GRB,bn100719311,1.0
GRB,bn090819607,1.0
GRB,bn180703876,1.0
GRB,bn230723194,1.0
TGF,bn110818474,1.0
GRB,bn110911071,1.0
GRB,bn131118958,1.0
TGF,bn150603062,1.0
GRB,bn170323775,1.0
TGF,bn191005213,1.0
TGF,bn101219539,1.0
GRB,bn181128751,1.0
TGF,bn161102468,1.0
GRB,bn181208188,1.0
GRB,bn111107035,1.0
TGF,bn140902738,1.0
GRB,bn151003729,1.0
GRB,bn090926181,1.0
TGF,bn211029845,1.0
GRB,bn150628767,1.0
GRB,bn220124074,1.0
GRB,bn120919816,1.0
TGF,bn190216584,1.0
TGF,bn230828990,1.0
TGF,bn151120585,1.0
TGF,bn130412908,1.0
TGF,bn130702936,1.0
GRB,bn101011707,1.0
TGF,bn100305806,1.0
TGF,bn111027597,1.0
TGF,bn100826543,1.0
GRB,bn090625560,1.0
TGF,bn200911939,1.0
GRB,bn160303971,1.0
TGF,bn220921976,1.0
GRB,bn120426090,1.0
GRB,bn200629535,1.0
GRB,bn130727698,1.0
TGF,bn220704208,1.0
TGF,bn090813215,1.0
GRB,bn101023951,1.0
TGF,bn121117753,1.0
GRB,bn230715190,1.0
GRB,bn201217108,1.0
GRB,bn170210116,1.0
TGF,bn180906075,1.0
GRB,bn090924625,1.0
GRB,bn090602564,1.0
GRB,bn180528371,1.0
GRB,bn110411629,1.0
TGF,bn210918063,1.0
GRB,bn150826557,1.0
TGF,bn200117374,1.0
GRB,bn120921877,1.0
GRB,bn170126480,1.0
GRB,bn090711850,1.0
GRB,bn091017985,1.0
TGF,bn130901904,1.0
TGF,bn110906986,1.0
TGF,bn141116877,1.0
GRB,bn101213849,1.0
TGF,bn120114380,1.0
GRB,bn220830319,1.0
GRB,bn150805445,1.0
TGF,bn180103442,1.0
TGF,bn151210778,1.0
TGF,bn180302863,1.0
GRB,bn140612294,1.0
GRB,bn151117442,1.0
GRB,bn150204272,1.0
TGF,bn220307463,1.0
GRB,bn110818860,1.0
TGF,bn150702707,1.0
GRB,bn170127067,1.0
TGF,bn140715983,1.0
TGF,bn200630518,1.0
GRB,bn140508179,1.0
TGF,bn170316973,1.0
TGF,bn230409785,1.0
TGF,bn160519606,1.0
TGF,bn211113838,1.0
TGF,bn151104733,1.0
TGF,bn230913408,1.0
TGF,bn221008989,1.0
TGF,bn200919624,1.0
TGF,bn211026787,1.0
TGF,bn240106572,1.0
GRB,bn200803149,1.0
GRB,bn130523198,1.0
GRB,bn180727594,1.0
TGF,bn140325760,1.0
TGF,bn100207843,1.0
GRB,bn131105087,1.0
TGF,bn100223288,1.0
TGF,bn200904434,1.0
GRB,bn131030653,1.0
TGF,bn151207404,1.0
TGF,bn120822711,1.0
GRB,bn150403913,1.0
TGF,bn180510906,1.0
TGF,bn110405618,1.0
GRB,bn140422194,1.0
GRB,bn081204004,1.0
TGF,bn231130359,1.0
TGF,bn191222795,1.0
TGF,bn141214588,1.0
GRB,bn141016897,1.0
GRB,bn090717034,1.0
SGR,bn220709626,1.0
TGF,bn180731493,1.0
TGF,bn220604466,1.0
GRB,bn121217313,1.0
TGF,bn150103445,1.0
GRB,bn110521478,1.0
GRB,bn191031780,1.0
GRB,bn111003465,1.0
GRB,bn230729294,1.0
TGF,bn200603333,1.0
GRB,bn110929187,1.0
TGF,bn110709981,1.0
GRB,bn210603907,1.0
TGF,bn141111819,1.0
GRB,bn160528276,1.0
GRB,bn150802127,1.0
GRB,bn130406288,1.0
TGF,bn110601852,1.0
GRB,bn170912273,1.0
TGF,bn220507092,1.0
TGF,bn121028243,1.0
TGF,bn110724020,1.0
TGF,bn200904959,1.0
GRB,bn141013803,1.0
GRB,bn190507712,1.0
GRB,bn170727841,1.0
GRB,bn210119121,1.0
TGF,bn130228676,1.0
TGF,bn120604082,1.0
GRB,bn150228981,1.0
SGR,bn221204313,1.0
GRB,bn150206285,1.0
GRB,bn151231443,1.0
GRB,bn171025913,1.0
TGF,bn170907059,1.0
TGF,bn171025401,1.0
SGR,bn160727543,1.0
GRB,bn211124104,1.0
GRB,bn140115863,1.0
GRB,bn120119229,1.0
TGF,bn180414421,1.0
TGF,bn161017935,1.0
GRB,bn120304061,1.0
SGR,bn220626269,1.0
TGF,bn120727939,1.0
TGF,bn140810453,1.0
GRB,bn150514774,1.0
TGF,bn161213785,1.0
TGF,bn140607857,1.0
GRB,bn200630076,1.0
TGF,bn220410697,1.0
GRB,bn091231206,1.0
TGF,bn130516258,1.0
GRB,bn160424492,1.0
TGF,bn111031274,1.0
TGF,bn210426456,1.0
GRB,bn120511638,1.0
TGF,bn231124834,1.0
GRB,bn130730243,1.0
TGF,bn100728940,1.0
TGF,bn141213624,1.0
GRB,bn130304658,1.0
SGR,bn220809210,1.0
GRB,bn190422957,1.0
TGF,bn111122706,1.0
TGF,bn220325067,1.0
GRB,bn080714745,1.0
TGF,bn120113235,1.0
GRB,bn140716436,1.0
GRB,bn130701060,1.0
TGF,bn190514672,1.0
GRB,bn130617564,1.0
GRB,bn160912350,1.0
GRB,bn150827785,1.0
TGF,bn170826346,1.0
GRB,bn210727410,1.0
GRB,bn200901158,1.0
GRB,bn200617679,1.0
GRB,bn190119249,1.0
GRB,bn171112868,1.0
TGF,bn170823470,1.0
GRB,bn200126466,1.0
SFLARE,bn130425353,1.0
TGF,bn180727055,1.0
GRB,bn230709902,1.0
TGF,bn170619685,1.0
TGF,bn100829230,1.0
GRB,bn120909070,1.0
GRB,bn100225115,1.0
GRB,bn100916779,1.0
TGF,bn121015732,1.0
TGF,bn170718524,1.0
GRB,bn141031304,1.0
TGF,bn141226383,1.0
GRB,bn200219317,1.0
SGR,bn140918038,1.0
GRB,bn140528837,1.0
TGF,bn100520294,1.0
GRB,bn101208498,1.0
TGF,bn111130501,1.0
GRB,bn130816074,1.0
TGF,bn221110235,1.0
TGF,bn110123577,1.0
TGF,bn140326352,1.0
TGF,bn121225701,1.0
GRB,bn140929677,1.0
GRB,bn140710901,1.0
TGF,bn200615889,1.0
GRB,bn150306993,1.0
GRB,bn120210650,1.0
TGF,bn170930680,1.0
GRB,bn110207959,1.0
GRB,bn111015427,1.0
TGF,bn160223192,1.0
TGF,bn150122750,1.0
TGF,bn140714392,1.0
TGF,bn100620337,1.0
TGF,bn220308130,1.0
GRB,bn160422499,1.0
TGF,bn150407821,1.0
GRB,bn130206817,1.0
TGF,bn140429267,1.0
GRB,bn230815451,1.0
GRB,bn150301818,1.0
GRB,bn180620660,1.0
TGF,bn110706387,1.0
GRB,bn090510325,1.0
GRB,bn150821406,1.0
GRB,bn220610295,1.0
GRB,bn140330180,1.0
GRB,bn201120442,1.0
TGF,bn170601224,1.0
TGF,bn200624308,1.0
GRB,bn091031500,1.0
GRB,bn081008832,1.0
TGF,bn100921730,1.0
TGF,bn150121757,1.0
GRB,bn120220210,1.0
GRB,bn141222298,1.0
TGF,bn161211001,1.0
GRB,bn161001045,1.0
TGF,bn170425071,1.0
GRB,bn130127299,1.0
GRB,bn110319815,1.0
TGF,bn180618604,1.0
GRB,bn110801335,1.0
TGF,bn221017563,1.0
GRB,bn170416583,1.0
GRB,bn150702998,1.0
GRB,bn080916406,1.0
SGR,bn221010283,1.0
TGF,bn110606097,1.0
GRB,bn131028096,1.0
GRB,bn210123305,1.0
TGF,bn180907367,1.0
TGF,bn150706372,1.0
TGF,bn190402512,1.0
TGF,bn160614507,1.0
TGF,bn190509787,1.0
TGF,bn150220749,1.0
GRB,bn111009282,1.0
GRB,bn220725563,1.0
GRB,bn150824079,1.0
GRB,bn090519462,1.0
TGF,bn210513395,1.0
GRB,bn080916009,1.0
TGF,bn200328092,1.0
GRB,bn100825287,1.0
TGF,bn121001844,1.0
TGF,bn181218815,1.0
TGF,bn130123444,1.0
TGF,bn150202436,1.0
TGF,bn121207917,1.0
GRB,bn120316008,1.0
TGF,bn160824468,1.0
TGF,bn101007410,1.0
TGF,bn121212349,1.0
TGF,bn191021129,1.0
TGF,bn151210379,1.0
TGF,bn111106412,1.0
TGF,bn150820209,1.0
GRB,bn111220486,1.0
TGF,bn141003298,1.0
GRB,bn140928437,1.0
GRB,bn160827586,1.0
GRB,bn160829334,1.0
GRB,bn110205588,1.0
TGF,bn220622088,1.0
GRB,bn140506880,1.0
TGF,bn190301418,1.0
TGF,bn161118052,1.0
TGF,bn120329894,1.0
TGF,bn120510198,1.0
GRB,bn150425617,1.0
GRB,bn121112806,1.0
GRB,bn201021852,1.0
SGR,bn220103097,1.0
GRB,bn101224578,1.0
GRB,bn120510900,1.0
GRB,bn130228212,1.0
TGF,bn120223380,1.0
TGF,bn230425046,1.0
TGF,bn180102449,1.0
TGF,bn101022830,1.0
GRB,bn090213236,1.0
SGR,bn220111271,1.0
TGF,bn111210260,1.0
GRB,bn081129161,1.0
GRB,bn230704821,1.0
GRB,bn120331055,1.0
TGF,bn190330372,1.0
TGF,bn100705663,1.0
GRB,bn090720710,1.0
GRB,bn161020024,1.0
GRB,bn210315716,1.0
GRB,bn220606044,1.0
GRB,bn100715477,1.0
GRB,bn221108472,1.0
TGF,bn121008333,1.0
GRB,bn081109293,1.0
TGF,bn171018276,1.0
SGR,bn211113451,1.0
TGF,bn151111631,1.0
GRB,bn210805002,1.0
GRB,bn120728934,1.0
GRB,bn171010875,1.0
GRB,bn100201588,1.0
SGR,bn220526445,1.0
SGR,bn220526568,1.0
SGR,bn130617411,1.0
GRB,bn090308734,1.0
SGR,bn090122129,1.0
SGR,bn090401093,1.0
SGR,bn090403592,1.0
SGR,bn090403761,1.0
SGR,bn090409351,1.0
SGR,bn081004050,1.0
SGR,bn090222540,1.0
SGR,bn090212968,1.0
SGR,bn090209271,1.0
SGR,bn090208682,1.0
SGR,bn090203805,1.0
SGR,bn090203206,1.0
SGR,bn090122684,1.0
SGR,bn090122551,1.0
SGR,bn090122491,1.0
TGF,bn100920577,1.0
GRB,bn130515056,1.0
GRB,bn171029020,1.0
GRB,bn120117291,1.0
TGF,bn170118975,1.0
SGR,bn231111899,1.0
SGR,bn220423109,1.0
SGR,bn211011320,1.0
SGR,bn210827223,1.0
SGR,bn211209414,1.0
SGR,bn211219688,1.0
SGR,bn211219558,1.0
SGR,bn220124731,1.0
GRB,bn110227009,1.0
GRB,bn180728728,1.0
GRB,bn140605377,1.0
GRB,bn150601904,1.0
TGF,bn141218784,1.0
GRB,bn150913161,1.0
GRB,bn220803402,1.0
GRB,bn190110726,1.0
TGF,bn150817861,1.0
GRB,bn110930564,1.0
TGF,bn160622824,1.0
GRB,bn150422294,1.0
GRB,bn221022612,1.0
GRB,bn210308838,1.0
GRB,bn220320194,1.0
GRB,bn220910627,1.0
GRB,bn130906435,1.0
GRB,bn200623752,1.0
TGF,bn170206414,1.0
TGF,bn151115569,1.0
TGF,bn140811380,1.0
TGF,bn190826301,1.0
TGF,bn150401405,1.0
TGF,bn121031293,1.0
GRB,bn190510120,1.0
TGF,bn121101287,1.0
TGF,bn150423749,1.0
TGF,bn110719400,1.0
TGF,bn200714606,1.0
TGF,bn211121129,1.0
TGF,bn170615456,1.0
TGF,bn170220864,1.0
GRB,bn100204566,1.0
GRB,bn141215560,1.0
GRB,bn120521380,1.0
GRB,bn100313288,1.0
GRB,bn141122875,1.0
TGF,bn141208860,1.0
TGF,bn190913935,1.0
TGF,bn181002333,1.0
TGF,bn131108034,1.0
GRB,bn150508945,1.0
GRB,bn121127914,1.0
TGF,bn211105790,1.0
GRB,bn160316139,1.0
GRB,bn211104765,1.0
GRB,bn200411187,1.0
TGF,bn101114700,1.0
GRB,bn170209048,1.0
GRB,bn120420249,1.0
GRB,bn220622394,1.0
GRB,bn090920035,1.0
GRB,bn230915288,1.0
TGF,bn181229647,1.0
TGF,bn180531403,1.0
GRB,bn090412061,1.0
TGF,bn171216456,1.0
TGF,bn190620907,1.0
GRB,bn080831053,1.0
TGF,bn160426457,1.0
GRB,bn100620119,1.0
GRB,bn200714774,1.0
SGR,bn220523729,1.0
GRB,bn210714331,1.0
TGF,bn191202988,1.0
GRB,bn110319628,1.0
GRB,bn130830921,1.0
GRB,bn150627183,1.0
GRB,bn231203293,1.0
TGF,bn231222461,1.0
SGR,bn220212892,1.0
TGF,bn130131559,1.0
GRB,bn210925056,1.0
GRB,bn210807955,1.0
TGF,bn181110809,1.0
TGF,bn170325758,1.0
GRB,bn221103285,1.0
TGF,bn131203777,1.0
TGF,bn230129721,1.0
GRB,bn161230298,1.0
TGF,bn220108685,1.0
GRB,bn101014175,1.0
TGF,bn190209144,1.0
GRB,bn150718656,1.0
GRB,bn220408311,1.0
SGR,bn111220138,1.0
TGF,bn100513287,1.0
GRB,bn220130968,1.0
GRB,bn090805622,1.0
TGF,bn150528946,1.0
GRB,bn160905471,1.0
GRB,bn110706477,1.0
GRB,bn230204130,1.0
GRB,bn081215880,1.0
GRB,bn210201567,1.0
GRB,bn210923124,1.0
TGF,bn200816881,1.0
GRB,bn150922883,1.0
TGF,bn121125700,1.0
SGR,bn220403928,1.0
TGF,bn180626653,1.0
TGF,bn120114563,1.0
TGF,bn230218873,1.0
GRB,bn140608153,1.0
GRB,bn180404091,1.0
GRB,bn091207333,1.0
TGF,bn150917769,1.0
TGF,bn190710651,1.0
GRB,bn120709883,1.0
GRB,bn100819498,1.0
GRB,bn150923864,1.0
TGF,bn170401359,1.0
GRB,bn141012773,1.0
TGF,bn110924559,1.0
GRB,bn121205507,1.0
GRB,bn101013412,1.0
TGF,bn201229999,1.0
TGF,bn170826843,1.0
GRB,bn090309767,1.0
GRB,bn091015129,1.0
GRB,bn130121835,1.0
GRB,bn160416022,1.0
GRB,bn101227536,1.0
GRB,bn150721732,1.0
TGF,bn171223392,1.0
GRB,bn201128746,1.0
TGF,bn181206829,1.0
GRB,bn210706571,1.0
TGF,bn150102255,1.0
TGF,bn111209613,1.0
TGF,bn110315661,1.0
GRB,bn110322558,1.0
GRB,bn140115899,1.0
GRB,bn100424729,1.0
SGR,bn210425182,1.0
TGF,bn100903902,1.0
TGF,bn100901312,1.0
TGF,bn160704661,1.0
GRB,bn120314412,1.0
TGF,bn200528208,1.0
GRB,bn150301045,1.0
TGF,bn170902029,1.0
TGF,bn230729220,1.0
GRB,bn180416340,1.0
GRB,bn160223670,1.0
GRB,bn150820880,1.0
GRB,bn130919985,1.0
GRB,bn160227831,1.0
TGF,bn160607387,1.0
TGF,bn151028625,1.0
TGF,bn171030532,1.0
GRB,bn120212353,1.0
GRB,bn150322066,1.0
GRB,bn231118720,1.0
GRB,bn180605458,1.0
GRB,bn151114645,1.0
GRB,bn100204024,1.0
TGF,bn230331173,1.0
GRB,bn150313657,1.0
GRB,bn180807097,1.0
GRB,bn150830128,1.0
TGF,bn130525418,1.0
TGF,bn171108283,1.0
TGF,bn110814104,1.0
GRB,bn220831664,1.0
GRB,bn121027038,1.0
GRB,bn210113379,1.0
TGF,bn171129311,1.0
GRB,bn130722021,1.0
TGF,bn140429692,1.0
GRB,bn230906538,1.0
GRB,bn081226509,1.0
GRB,bn150630958,1.0
GRB,bn181020792,1.0
GRB,bn120801920,1.0
GRB,bn181026540,1.0
TGF,bn220312621,1.0
TGF,bn141219218,1.0
TGF,bn131210172,1.0
TGF,bn210126992,1.0
GRB,bn220711675,1.0
TGF,bn141027672,1.0
SGR,bn200204518,1.0
GRB,bn190324947,1.0
GRB,bn161119633,1.0
TGF,bn200925956,1.0
GRB,bn170906030,1.0
GRB,bn141102536,1.0
GRB,bn090706283,1.0
GRB,bn230405832,1.0
TGF,bn101217050,1.0
TGF,bn100726397,1.0
TGF,bn130416357,1.0
TGF,bn190610277,1.0
TGF,bn220412606,1.0
TGF,bn130809361,1.0
GRB,bn171119992,1.0
TGF,bn141029398,1.0
GRB,bn170115743,1.0
TGF,bn120821387,1.0
GRB,bn170208758,1.0
TGF,bn140327610,1.0
GRB,bn150604284,1.0
TGF,bn220203820,1.0
GRB,bn130403866,1.0
TGF,bn160821554,1.0
GRB,bn120203812,1.0
GRB,bn170629537,1.0
GRB,bn090630311,1.0
GRB,bn090320418,1.0
GRB,bn150908408,1.0
TGF,bn160901912,1.0
GRB,bn170308221,1.0
TGF,bn121104065,1.0
GRB,bn210822273,1.0
GRB,bn210211363,1.0
GRB,bn120304248,1.0
GRB,bn110125894,1.0
TGF,bn231127889,1.0
GRB,bn150222450,1.0
GRB,bn100718160,1.0
TGF,bn220811687,1.0
GRB,bn180718201,1.0
SGR,bn200203156,1.0
SGR,bn200203861,1.0
GRB,bn161128216,1.0
GRB,bn230915236,1.0
GRB,bn100918863,1.0
GRB,bn120728434,1.0
GRB,bn190320052,1.0
SGR,bn170516327,1.0
SGR,bn171019043,1.0
SGR,bn180205847,1.0
SGR,bn180206310,1.0
SGR,bn180206523,1.0
TGF,bn100210761,1.0
GRB,bn110817191,1.0
GRB,bn141112539,1.0
GRB,bn210801581,1.0
GRB,bn120701654,1.0
GRB,bn090427644,1.0
TGF,bn220519495,1.0
GRB,bn110228011,1.0
TGF,bn140529201,1.0
GRB,bn190607071,1.0
GRB,bn120926753,1.0
GRB,bn120919309,1.0
GRB,bn120319983,1.0
GRB,bn190205938,1.0
GRB,bn150523396,1.0
GRB,bn110511616,1.0
GRB,bn221107058,1.0
TGF,bn160619788,1.0
GRB,bn200612201,1.0
GRB,bn120323162,1.0
GRB,bn170424425,1.0
TGF,bn160113308,1.0
TGF,bn210324485,1.0
TGF,bn100609597,1.0
GRB,bn111024722,1.0
SGR,bn100406380,1.0
TGF,bn110619780,1.0
GRB,bn120611108,1.0
GRB,bn150305724,1.0
GRB,bn220704575,1.0
TGF,bn140116504,1.0
TGF,bn130628984,1.0
GRB,bn140817229,1.0
TGF,bn230610254,1.0
TGF,bn120605312,1.0
GRB,bn100517132,1.0
TGF,bn110112416,1.0
GRB,bn110720177,1.0
SGR,bn221014374,1.0
GRB,bn130928537,1.0
GRB,bn151111356,1.0
GRB,bn121014638,1.0
GRB,bn220826497,1.0
TGF,bn240101635,1.0
GRB,bn101004426,1.0
TGF,bn230413676,1.0
TGF,bn130502410,1.0
GRB,bn230628067,1.0
TGF,bn150517403,1.0
TGF,bn081006797,1.0
TGF,bn130601534,1.0
TGF,bn210111245,1.0
GRB,bn090928646,1.0
GRB,bn150418819,1.0
SGR,bn181102983,1.0
GRB,bn120719146,1.0
TGF,bn150305569,1.0
TGF,bn121210138,1.0
TGF,bn100912943,1.0
TGF,bn120330894,1.0
GRB,bn081118876,1.0
GRB,bn090320045,1.0
TGF,bn111027331,1.0
GRB,bn090623107,1.0
TGF,bn201018074,1.0
GRB,bn230304624,1.0
TGF,bn090522190,1.0
TGF,bn231022627,1.0
GRB,bn111103948,1.0
GRB,bn210228058,1.0
SGR,bn230202141,1.0
GRB,bn230116374,1.0
GRB,bn090620901,1.0
GRB,bn090227310,1.0
TGF,bn210308046,1.0
GRB,bn141011467,1.0
GRB,bn200228291,1.0
TGF,bn210131722,1.0
TGF,bn100411433,1.0
GRB,bn150324164,1.0
GRB,bn151210041,1.0
GRB,bn121109338,1.0
GRB,bn220727192,1.0
TGF,bn100103431,1.0
GRB,bn210904866,1.0
GRB,bn130404840,1.0
GRB,bn090610723,1.0
GRB,bn090701225,1.0
TGF,bn150131817,1.0
TGF,bn161130235,1.0
GRB,bn090328401,1.0
GRB,bn190531840,1.0
TGF,bn231110973,1.0
TGF,bn151118409,1.0
GRB,bn180124392,1.0
GRB,bn190824616,1.0
GRB,bn220820998,1.0
GRB,bn210704684,1.0
GRB,bn150228845,1.0
TGF,bn131110912,1.0
TGF,bn220403506,1.0
GRB,bn110709862,1.0
TGF,bn221212368,1.0
TGF,bn160914591,1.0
GRB,bn170801690,1.0
TGF,bn211001794,1.0
GRB,bn200412290,1.0
TGF,bn121129774,1.0
GRB,bn150219522,1.0
GRB,bn220831581,1.0
TGF,bn130505422,1.0
TGF,bn200116385,1.0
GRB,bn221226945,1.0
GRB,bn131113483,1.0
GRB,bn090327404,1.0
GRB,bn160131116,1.0
GRB,bn180401846,1.0
GRB,bn220725244,1.0
TGF,bn160602038,1.0
TGF,bn120222724,1.0
TGF,bn190208940,1.0
TGF,bn150127358,1.0
GRB,bn210228277,1.0
GRB,bn110420946,1.0
TGF,bn180414354,1.0
TGF,bn081001392,1.0
GRB,bn140721336,1.0
GRB,bn200105914,1.0
TGF,bn130302331,1.0
TGF,bn140810494,1.0
GRB,bn140329272,1.0
GRB,bn180122129,1.0
GRB,bn150817251,1.0
TGF,bn140204581,1.0
GRB,bn150222832,1.0
GRB,bn230903724,1.0
TGF,bn140310382,1.0
GRB,bn150923429,1.0
GRB,bn100907751,1.0
GRB,bn131211510,1.0
TGF,bn210115699,1.0
TGF,bn171121450,1.0
TGF,bn180116162,1.0
TGF,bn180922449,1.0
TGF,bn221101939,1.0
TGF,bn121011427,1.0
TGF,bn230807586,1.0
TGF,bn200916824,1.0
TGF,bn160905506,1.0
TGF,bn210504314,1.0
GRB,bn160411062,1.0
GRB,bn210519277,1.0
GRB,bn130509078,1.0
TGF,bn170207403,1.0
TGF,bn131121989,1.0
GRB,bn141230871,1.0
GRB,bn130609902,1.0
SGR,bn180705561,1.0
SGR,bn180705548,1.0
GRB,bn161213295,1.0
TGF,bn171110485,1.0
TGF,bn101231632,1.0
GRB,bn220921462,1.0
TGF,bn080828449,1.0
GRB,bn161004964,1.0
TGF,bn140127503,1.0
TGF,bn100501559,1.0
GRB,bn150522433,1.0
SGR,bn220225519,1.0
TGF,bn180709140,1.0
TGF,bn170910491,1.0
GRB,bn110118857,1.0
TGF,bn110819727,1.0
GRB,bn110625579,1.0
GRB,bn150708339,1.0
TGF,bn121207514,1.0
GRB,bn120121101,1.0
GRB,bn170510217,1.0
TGF,bn121021959,1.0
TGF,bn230425635,1.0
GRB,bn150523690,1.0
GRB,bn211019250,1.0
GRB,bn140619490,1.0
GRB,bn170607946,1.0
TGF,bn150823916,1.0
GRB,bn101205309,1.0
GRB,bn100625773,1.0
GRB,bn180524416,1.0
GRB,bn090926914,1.0
GRB,bn170323058,1.0
TGF,bn090627274,1.0
GRB,bn140710537,1.0
GRB,bn090907017,1.0
GRB,bn181222279,1.0
GRB,bn150423285,1.0
TGF,bn151207995,1.0
GRB,bn190519309,1.0
TGF,bn150903443,1.0
TGF,bn240104661,1.0
GRB,bn200320414,1.0
GRB,bn101224998,1.0
GRB,bn110721200,1.0
GRB,bn111107076,1.0
TGF,bn180922713,1.0
TGF,bn140721187,1.0
GRB,bn150712846,1.0
SGR,bn200919400,1.0
GRB,bn190712018,1.0
TGF,bn160627610,1.0
TGF,bn091227801,1.0
TGF,bn200404229,1.0
GRB,bn170125102,1.0
GRB,bn220305676,1.0
GRB,bn110609425,1.0
GRB,bn180821653,1.0
GRB,bn101206036,1.0
GRB,bn120919052,1.0
GRB,bn140706815,1.0
TGF,bn140930034,1.0
TGF,bn101213283,1.0
TGF,bn200916251,1.0
GRB,bn120612687,1.0
GRB,bn170614505,1.0
GRB,bn150603105,1.0
TGF,bn110907452,1.0
TGF,bn150916373,1.0
GRB,bn231222299,1.0
GRB,bn110702187,1.0
GRB,bn150201590,1.0
GRB,bn150201574,1.0
TGF,bn111210978,1.0
GRB,bn190810675,1.0
TGF,bn131205795,1.0
GRB,bn090608052,1.0
GRB,bn100118100,1.0
TGF,bn101009134,1.0
GRB,bn111120556,1.0
TGF,bn210717324,1.0
TGF,bn100426657,1.0
GRB,bn210102861,1.0
TGF,bn100610132,1.0
GRB,bn120926426,1.0
TGF,bn171004782,1.0
GRB,bn130627372,1.0
TGF,bn121017715,1.0
TGF,bn120808908,1.0
GRB,bn101102840,1.0
TGF,bn130620676,1.0
TGF,bn160916837,1.0
GRB,bn141003564,1.0
GRB,bn140430716,1.0
TGF,bn151217656,1.0
TGF,bn100606292,1.0
SGR,bn200203137,1.0
GRB,bn091112737,1.0
GRB,bn180816088,1.0
TGF,bn090808739,1.0
TGF,bn160409147,1.0
GRB,bn230724049,1.0
TGF,bn101230684,1.0
GRB,bn140911012,1.0
GRB,bn231114388,1.0
TGF,bn180104433,1.0
GRB,bn120222119,1.0
TGF,bn160919876,1.0
GRB,bn090718762,1.0
TGF,bn180106416,1.0
GRB,bn190411407,1.0
GRB,bn140110263,1.0
SGR,bn230825046,1.0
GRB,bn150726877,1.0
TGF,bn130112722,1.0
TGF,bn110616305,1.0
GRB,bn231014102,1.0
TGF,bn230312037,1.0
GRB,bn100805845,1.0
TGF,bn180413498,1.0
GRB,bn210318131,1.0
GRB,bn090528173,1.0
GRB,bn081231140,1.0
GRB,bn120908873,1.0
GRB,bn141128962,1.0
TGF,bn191025075,1.0
GRB,bn150118409,1.0
TGF,bn160220290,1.0
GRB,bn180606730,1.0
TGF,bn120425260,1.0
GRB,bn150527662,1.0
GRB,bn141121414,1.0
GRB,bn100504806,1.0
GRB,bn100510810,1.0
GRB,bn240115698,1.0
GRB,bn111025078,1.0
TGF,bn150122621,1.0
GRB,bn131216081,1.0
GRB,bn150711766,1.0
TGF,bn170808809,1.0
TGF,bn180908364,1.0
GRB,bn210712405,1.0
TGF,bn211111667,1.0
GRB,bn101128322,1.0
GRB,bn171227000,1.0
GRB,bn170718152,1.0
GRB,bn180910352,1.0
GRB,bn121225417,1.0
TGF,bn140615297,1.0
TGF,bn120823943,1.0
GRB,bn160225809,1.0
TGF,bn140316625,1.0
GRB,bn180809485,1.0
GRB,bn221016986,1.0
GRB,bn100910818,1.0
GRB,bn090427688,1.0
GRB,bn101219686,1.0
TGF,bn150101904,1.0
GRB,bn120707800,1.0
GRB,bn221216473,1.0
GRB,bn110409179,1.0
GRB,bn200112395,1.0
GRB,bn090829672,1.0
GRB,bn150214293,1.0
GRB,bn081222204,1.0
GRB,bn141110232,1.0
GRB,bn220305481,1.0
GRB,bn160310291,1.0
GRB,bn190821716,1.0
GRB,bn161206064,1.0
GRB,bn110616648,1.0
GRB,bn110509142,1.0
TGF,bn180906868,1.0
TGF,bn150423126,1.0
GRB,bn120119354,1.0
TGF,bn091224757,1.0
GRB,bn081213173,1.0
GRB,bn130614997,1.0
GRB,bn230803977,1.0
GRB,bn230425230,1.0
GRB,bn130819394,1.0
GRB,bn231001015,1.0
GRB,bn120506128,1.0
TGF,bn210515505,1.0
GRB,bn091101143,1.0
GRB,bn141031998,1.0
GRB,bn180724807,1.0
GRB,bn211116586,1.0
GRB,bn220715934,1.0
GRB,bn090626189,1.0
GRB,bn231030050,1.0
GRB,bn171223818,1.0
GRB,bn150805746,1.0
TGF,bn151020736,1.0
TGF,bn190315717,1.0
GRB,bn111109453,1.0
TGF,bn141028731,1.0
TGF,bn100110328,1.0
TGF,bn200318226,1.0
GRB,bn131209547,1.0
GRB,bn140919636,1.0
GRB,bn111022854,1.0
TGF,bn120122331,1.0
GRB,bn160512199,1.0
TGF,bn200928792,1.0
TGF,bn211003572,1.0
GRB,bn090108322,1.0
GRB,bn210723615,1.0
TGF,bn121214906,1.0
GRB,bn211207416,1.0
TGF,bn220118477,1.0
TGF,bn190214031,1.0
GRB,bn090129880,1.0
GRB,bn160111115,1.0
GRB,bn140901821,1.0
GRB,bn170106968,1.0
TGF,bn110503751,1.0
TGF,bn231113416,1.0
GRB,bn150122960,1.0
GRB,bn240112742,1.0
GRB,bn140701833,1.0
TGF,bn150613934,1.0
GRB,bn230306673,1.0
GRB,bn151120349,1.0
GRB,bn220627901,1.0
GRB,bn220627890,1.0
GRB,bn191111347,1.0
TGF,bn231019802,1.0
GRB,bn140720158,1.0
GRB,bn110505203,1.0
GRB,bn120526303,1.0
GRB,bn120429484,1.0
GRB,bn140329295,1.0
GRB,bn141105358,1.0
GRB,bn130112353,1.0
TGF,bn140511964,1.0
GRB,bn081206604,1.0
GRB,bn190129515,1.0
TGF,bn190907631,1.0
GRB,bn120711446,1.0
GRB,bn200325138,1.0
GRB,bn111010660,1.0
GRB,bn120811014,1.0
TGF,bn190810945,1.0
GRB,bn090101758,1.0
GRB,bn090513916,1.0
TGF,bn151213843,1.0
GRB,bn180718763,1.0
TGF,bn140623885,1.0
GRB,bn211121434,1.0
GRB,bn230430368,1.0
GRB,bn120710100,1.0
GRB,bn091122163,1.0
GRB,bn120219563,1.0
TGF,bn130611348,1.0
TGF,bn201121287,1.0
GRB,bn101214993,1.0
TGF,bn131209794,1.0
GRB,bn130715906,1.0
GRB,bn091006360,1.0
GRB,bn130701761,1.0
TGF,bn170712117,1.0
GRB,bn151218857,1.0
TGF,bn221130196,1.0
GRB,bn230111797,1.0
GRB,bn141209131,1.0
GRB,bn191213254,1.0
GRB,bn090112332,1.0
GRB,bn140223495,1.0
GRB,bn170127634,1.0
GRB,bn150511362,1.0
GRB,bn160625240,1.0
GRB,bn150426594,1.0
GRB,bn150318521,1.0
TGF,bn231005865,1.0
GRB,bn140511095,1.0
GRB,bn150227702,1.0
TGF,bn220512789,1.0
GRB,bn180703949,1.0
GRB,bn230911132,1.0
TGF,bn130215707,1.0
GRB,bn111221739,1.0
GRB,bn120703726,1.0
TGF,bn140719955,1.0
GRB,bn170910368,1.0
GRB,bn181126413,1.0
GRB,bn161117066,1.0
TGF,bn160526349,1.0
TGF,bn121015868,1.0
TGF,bn180410526,1.0
TGF,bn200220556,1.0
TGF,bn221025954,1.0
GRB,bn100306199,1.0
GRB,bn110703557,1.0
TGF,bn100616900,1.0
GRB,bn140901262,1.0
GRB,bn091123298,1.0
GRB,bn161220605,1.0
GRB,bn101101899,1.0
GRB,bn100517072,1.0
GRB,bn160401065,1.0
GRB,bn230217912,1.0
GRB,bn110904163,1.0
GRB,bn201208252,1.0
TGF,bn170808281,1.0
GRB,bn180516229,1.0
GRB,bn120830297,1.0
TGF,bn160416676,1.0
GRB,bn140701567,1.0
TGF,bn191126458,1.0
GRB,bn110731465,1.0
GRB,bn160709826,1.0
GRB,bn090621417,1.0
GRB,bn160221993,1.0
TGF,bn210505305,1.0
TGF,bn230527635,1.0
GRB,bn090509215,1.0
TGF,bn210614708,1.0
GRB,bn101214748,1.0
GRB,bn170906039,1.0
TGF,bn141022874,1.0
GRB,bn121029350,1.0
GRB,bn100326294,1.0
GRB,bn210731931,1.0
GRB,bn131102622,1.0
GRB,bn081101532,1.0
TGF,bn181226676,1.0
SGR,bn210519807,1.0
GRB,bn150430015,1.0
TGF,bn211002782,1.0
GRB,bn130406334,1.0
GRB,bn191011192,1.0
GRB,bn100311518,1.0
GRB,bn110921912,1.0
TGF,bn210923493,1.0
TGF,bn091130288,1.0
GRB,bn100207665,1.0
TGF,bn150417674,1.0
TGF,bn121012817,1.0
GRB,bn130209961,1.0
GRB,bn110920546,1.0
GRB,bn150118927,1.0
TGF,bn200710710,1.0
GRB,bn220927234,1.0
GRB,bn101002279,1.0
GRB,bn180210991,1.0
GRB,bn160419637,1.0
TGF,bn210921872,1.0
TGF,bn141013086,1.0
GRB,bn180423266,1.0
GRB,bn150831930,1.0
TGF,bn230110824,1.0
TGF,bn220228318,1.0
TGF,bn161114056,1.0
TGF,bn150809596,1.0
GRB,bn140304849,1.0
GRB,bn100619015,1.0
GRB,bn140907429,1.0
GRB,bn100101028,1.0
TGF,bn160501445,1.0
GRB,bn110509475,1.0
GRB,bn210602865,1.0
GRB,bn190114873,1.0
GRB,bn140405033,1.0
GRB,bn101117496,1.0
TGF,bn170309801,1.0
TGF,bn100225374,1.0
GRB,bn110522633,1.0
GRB,bn210502295,1.0
TGF,bn190514901,1.0
TGF,bn230323340,1.0
GRB,bn100816009,1.0
TGF,bn240111862,1.0
GRB,bn180720933,1.0
GRB,bn131006367,1.0
TGF,bn130316390,1.0
GRB,bn101017619,1.0
GRB,bn160428412,1.0
GRB,bn100325275,1.0
GRB,bn160218711,1.0
GRB,bn150629564,1.0
GRB,bn170621784,1.0
GRB,bn120817168,1.0
TGF,bn161101874,1.0
TGF,bn200821416,1.0
TGF,bn110701642,1.0
TGF,bn170810505,1.0
GRB,bn170926782,1.0
TGF,bn180218522,1.0
GRB,bn210622064,1.0
TGF,bn130211721,1.0
GRB,bn090828099,1.0
GRB,bn130925164,1.0
GRB,bn130925173,1.0
GRB,bn120920003,1.0
GRB,bn120608489,1.0
GRB,bn220101930,1.0
GRB,bn210117458,1.0
GRB,bn191227723,1.0
GRB,bn131008858,1.0
GRB,bn230911329,1.0
TGF,bn140813479,1.0
GRB,bn140905454,1.0
GRB,bn140628626,1.0
TGF,bn190807786,1.0
GRB,bn180828790,1.0
GRB,bn120908938,1.0
GRB,bn200816486,1.0
TGF,bn111123275,1.0
TGF,bn190705344,1.0
GRB,bn100421917,1.0
TGF,bn150202235,1.0
GRB,bn150815604,1.0
GRB,bn181029892,1.0
SGR,bn110107970,1.0
GRB,bn160612842,1.0
GRB,bn180925407,1.0
GRB,bn131021352,1.0
TGF,bn151111107,1.0
GRB,bn200415367,1.0
GRB,bn170405777,1.0
GRB,bn140311453,1.0
GRB,bn130611538,1.0
GRB,bn090904058,1.0
GRB,bn110725236,1.0
GRB,bn100922625,1.0
GRB,bn090908341,1.0
TGF,bn220621326,1.0
GRB,bn130907760,1.0
GRB,bn121028280,1.0
TGF,bn220704026,1.0
GRB,bn140109877,1.0
TGF,bn160910978,1.0
GRB,bn090909854,1.0
GRB,bn120619884,1.0
SGR,bn230317495,1.0
TGF,bn190515824,1.0
GRB,bn100929916,1.0
GRB,bn140511995,1.0
GRB,bn130604033,1.0
GRB,bn100130729,1.0
TGF,bn210904593,1.0
GRB,bn120412055,1.0
GRB,bn151202565,1.0
TGF,bn150924454,1.0
GRB,bn140711691,1.0
GRB,bn211018697,1.0
SGR,bn120207380,1.0
GRB,bn081221681,1.0
GRB,bn101227406,1.0
GRB,bn180314030,1.0
TGF,bn160504738,1.0
TGF,bn111207484,1.0
GRB,bn090228204,1.0
GRB,bn110909116,1.0
GRB,bn100704149,1.0
GRB,bn120504945,1.0
GRB,bn220612013,1.0
TGF,bn180904991,1.0
GRB,bn220903511,1.0
TGF,bn170923773,1.0
GRB,bn131119781,1.0
TGF,bn190712633,1.0
SGR,bn221225015,1.0
GRB,bn090307167,1.0
GRB,bn110828575,1.0
SGR,bn201121419,1.0
GRB,bn160222070,1.0
TGF,bn121106283,1.0
GRB,bn101021009,1.0
GRB,bn091026485,1.0
SFLARE,bn091222203,1.0
SFLARE,bn151222349,1.0
SFLARE,bn121222062,1.0
SFLARE,bn131222340,1.0
SFLARE,bn131222358,1.0
SFLARE,bn111221267,1.0
SFLARE,bn221223190,1.0
SFLARE,bn151221231,1.0
SFLARE,bn111221125,1.0
SFLARE,bn121222957,1.0
SFLARE,bn141220856,1.0
SFLARE,bn111223803,1.0
SFLARE,bn111220945,1.0
SFLARE,bn231221003,1.0
SFLARE,bn231220792,1.0
SFLARE,bn231220779,1.0
SFLARE,bn131219968,1.0
SFLARE,bn221224174,1.0
SFLARE,bn141220020,1.0
SFLARE,bn141220012,1.0
SFLARE,bn091218787,1.0
SFLARE,bn221225291,1.0
SFLARE,bn111225761,1.0
SFLARE,bn111225852,1.0
SFLARE,bn231226134,1.0
GRB,bn170817529,1.0
SFLARE,bn221226424,1.0
SFLARE,bn141217745,1.0
SFLARE,bn221217824,1.0
SFLARE,bn111226845,1.0
SFLARE,bn121226205,1.0
SFLARE,bn111227092,1.0
SFLARE,bn111227178,1.0
SGR,bn230224624,1.0
SFLARE,bn221217243,1.0
SFLARE,bn111227502,1.0
SFLARE,bn141217041,1.0
SFLARE,bn221216915,1.0
SFLARE,bn221216901,1.0
SFLARE,bn221216796,1.0
SFLARE,bn141216717,1.0
SFLARE,bn221227729,1.0
SFLARE,bn221227858,1.0
SFLARE,bn141216438,1.0
SFLARE,bn221216430,1.0
SFLARE,bn221216068,1.0
SFLARE,bn141215968,1.0
SFLARE,bn141215889,1.0
SFLARE,bn111228693,1.0
SFLARE,bn111229363,1.0
SFLARE,bn171228936,1.0
SFLARE,bn231215330,1.0
SFLARE,bn221215066,1.0
SFLARE,bn231215319,1.0
SFLARE,bn231215309,1.0
SFLARE,bn231215299,1.0
SFLARE,bn221214989,1.0
SFLARE,bn231215243,1.0
SFLARE,bn221214798,1.0
SFLARE,bn131229328,1.0
SFLARE,bn221214610,1.0
SFLARE,bn221214540,1.0
SFLARE,bn221214520,1.0
SFLARE,bn151214646,1.0
SFLARE,bn231214712,1.0
SFLARE,bn231214705,1.0
SFLARE,bn231214574,1.0
GRB,bn100826957,1.0
SFLARE,bn111230438,1.0
SFLARE,bn141214061,1.0
SFLARE,bn111214218,1.0
SFLARE,bn231214316,1.0
SFLARE,bn231214213,1.0
SGR,bn170503640,1.0
SFLARE,bn231214205,1.0
GRB,bn120102416,1.0
SFLARE,bn231230893,1.0
SFLARE,bn151230946,1.0
SFLARE,bn221230798,1.0
SFLARE,bn231231343,1.0
SFLARE,bn111231550,1.0
SFLARE,bn111231680,1.0
SFLARE,bn231231914,1.0
GRB,bn091018957,1.0
TGF,bn180617045,1.0
SFLARE,bn160101275,1.0
SFLARE,bn131231909,1.0
SFLARE,bn240101511,1.0
GRB,bn181010247,1.0
SFLARE,bn231212150,1.0
GRB,bn100205490,1.0
SFLARE,bn140101781,1.0
GRB,bn160603719,1.0
SFLARE,bn140101966,1.0
SFLARE,bn231211364,1.0
SFLARE,bn140102085,1.0
SFLARE,bn140102106,1.0
SFLARE,bn140102240,1.0
SFLARE,bn091210456,1.0
SFLARE,bn140102364,1.0
GRB,bn150513856,1.0
SFLARE,bn150102825,1.0
SFLARE,bn140102905,1.0
SFLARE,bn231210444,1.0
SFLARE,bn230103268,1.0
SFLARE,bn131209754,1.0
SFLARE,bn140103101,1.0
SFLARE,bn140103166,1.0
SFLARE,bn231210160,1.0
TGF,bn190512623,1.0
SFLARE,bn240104050,1.0
SFLARE,bn140103534,1.0
SFLARE,bn221209527,1.0
SFLARE,bn140103637,1.0
GRB,bn220405258,1.0
SFLARE,bn140103838,1.0
GRB,bn110730008,1.0
SFLARE,bn140103883,1.0
SFLARE,bn140104430,1.0
GRB,bn220228438,1.0
TGF,bn120525445,1.0
SFLARE,bn140104796,1.0
GRB,bn160921087,1.0
SFLARE,bn141208026,1.0
SFLARE,bn130104992,1.0
SFLARE,bn221207794,1.0
SFLARE,bn231207934,1.0
SFLARE,bn131207307,1.0
GRB,bn220915218,1.0
SFLARE,bn130105395,1.0
SFLARE,bn230106038,1.0
GRB,bn090621447,1.0
GRB,bn101126198,1.0
SFLARE,bn201206560,1.0
GRB,bn091010113,1.0
SFLARE,bn150106490,1.0
GRB,bn240106265,1.0
SFLARE,bn230106783,1.0
TGF,bn151122371,1.0
SFLARE,bn230107032,1.0
SFLARE,bn140106948,1.0
TGF,bn180614673,1.0
SFLARE,bn231206235,1.0
TGF,bn210514047,1.0
SFLARE,bn231205888,1.0
SFLARE,bn111205796,1.0
GRB,bn190831693,1.0
GRB,bn160819852,1.0
SFLARE,bn151205595,1.0
SFLARE,bn140107929,1.0
GRB,bn130722990,1.0
SFLARE,bn231205283,1.0
SFLARE,bn140108130,1.0
SFLARE,bn141204757,1.0
GRB,bn130219197,1.0
SFLARE,bn140108540,1.0
GRB,bn100730463,1.0
SFLARE,bn230109088,1.0
GRB,bn160123095,1.0
GRB,bn190107050,1.0
GRB,bn111203609,1.0
SFLARE,bn230109554,1.0
GRB,bn130606497,1.0
SFLARE,bn231204059,1.0
GRB,bn111230819,1.0
GRB,bn160315739,1.0
TGF,bn221008958,1.0
SFLARE,bn240110189,1.0
SGR,bn221216847,1.0
SFLARE,bn230110009,1.0
SFLARE,bn240110289,1.0
SFLARE,bn230110092,1.0
SFLARE,bn230110108,1.0
SGR,bn221218046,1.0
SFLARE,bn230110461,1.0
GRB,bn181028590,1.0
SFLARE,bn230110615,1.0
SFLARE,bn240110977,1.0
SFLARE,bn230110741,1.0
GRB,bn110410772,1.0
GRB,bn160219289,1.0
GRB,bn110209165,1.0
SFLARE,bn230110948,1.0
SFLARE,bn221202388,1.0
GRB,bn100304534,1.0
SFLARE,bn230111078,1.0
TGF,bn130521580,1.0
SFLARE,bn240111506,1.0
SFLARE,bn230111356,1.0
SFLARE,bn240111743,1.0
SFLARE,bn131201472,1.0
TGF,bn110119456,1.0
SGR,bn150403723,1.0
GRB,bn110321346,1.0
GRB,bn220618761,1.0
GRB,bn150203545,1.0
SGR,bn230224899,1.0
SFLARE,bn131201284,1.0
SFLARE,bn130111258,1.0
GRB,bn091120191,1.0
SFLARE,bn240112165,1.0
SFLARE,bn130111374,1.0
SFLARE,bn231201492,1.0
SFLARE,bn230112152,1.0
SFLARE,bn240112421,1.0
SFLARE,bn231201402,1.0
TGF,bn191108754,1.0
GRB,bn190308923,1.0
GRB,bn230204906,1.0
SFLARE,bn130111781,1.0
SGR,bn231002202,1.0
SFLARE,bn130111820,1.0
SFLARE,bn130112092,1.0
GRB,bn131202633,1.0
SFLARE,bn121130051,1.0
SFLARE,bn130112182,1.0
SFLARE,bn230112854,1.0
TGF,bn170527268,1.0
GRB,bn150604434,1.0
TGF,bn230506448,1.0
TGF,bn100909539,1.0
SGR,bn221229206,1.0
SFLARE,bn150113180,1.0
SFLARE,bn130112900,1.0
GRB,bn230707141,1.0
GRB,bn120805706,1.0
SFLARE,bn130113034,1.0
SFLARE,bn141129608,1.0
SFLARE,bn130113290,1.0
SFLARE,bn130113349,1.0
SFLARE,bn140113610,1.0
SFLARE,bn130113358,1.0
SFLARE,bn141129347,1.0
SGR,bn221218756,1.0
TGF,bn100411366,1.0
SFLARE,bn150114081,1.0
SFLARE,bn130113632,1.0
SFLARE,bn140113910,1.0
SFLARE,bn140113928,1.0
GRB,bn210803497,1.0
SFLARE,bn120114553,1.0
SFLARE,bn150114363,1.0
GRB,bn100727238,1.0
SFLARE,bn140114144,1.0
SFLARE,bn230114532,1.0
GRB,bn150630223,1.0
SFLARE,bn231128825,1.0
SFLARE,bn231128817,1.0
SFLARE,bn231128809,1.0
SFLARE,bn230114834,1.0
SFLARE,bn230114841,1.0
GRB,bn221005757,1.0
GRB,bn200319323,1.0
SFLARE,bn121127663,1.0
GRB,bn100107074,1.0
TGF,bn190222457,1.0
SGR,bn230518167,1.0
SFLARE,bn141127633,1.0
TGF,bn091221677,1.0
TGF,bn230404996,1.0
GRB,bn190220844,1.0
SFLARE,bn230115891,1.0
TGF,bn100901124,1.0
SFLARE,bn120116340,1.0
SFLARE,bn230116156,1.0
GRB,bn130707505,1.0
GRB,bn171022085,1.0
GRB,bn150912443,1.0
GRB,bn101216721,1.0
GRB,bn100204858,1.0
GRB,bn131123543,1.0
TGF,bn150727490,1.0
GRB,bn150422703,1.0
SGR,bn170505406,1.0
GRB,bn130909817,1.0
SFLARE,bn231125830,1.0
SFLARE,bn231125767,1.0
GRB,bn151229285,1.0
SFLARE,bn231125701,1.0
GRB,bn141223240,1.0
SFLARE,bn231125632,1.0
SFLARE,bn140117671,1.0
SFLARE,bn230118069,1.0
TGF,bn181004702,1.0
SFLARE,bn230118160,1.0
SFLARE,bn121124567,1.0
TGF,bn181105761,1.0
SFLARE,bn120118798,1.0
SFLARE,bn130118070,1.0
SFLARE,bn130118196,1.0
GRB,bn130507545,1.0
GRB,bn220426285,1.0
SFLARE,bn230118864,1.0
SFLARE,bn121123812,1.0
SFLARE,bn130118405,1.0
GRB,bn210807687,1.0
SGR,bn140429551,1.0
SGR,bn090804852,1.0
SGR,bn100326867,1.0
SGR,bn081106241,1.0
SGR,bn081129027,1.0
SGR,bn221021720,1.0
GRB,bn150904479,1.0
GRB,bn180712651,1.0
GRB,bn220907587,1.0
GRB,bn090502777,1.0
SFLARE,bn231123606,1.0
SFLARE,bn201122728,1.0
GRB,bn200420106,1.0
GRB,bn190511302,1.0
SFLARE,bn100119937,1.0
SFLARE,bn231123300,1.0
SFLARE,bn111123129,1.0
SGR,bn230228885,1.0
SFLARE,bn201122317,1.0
GRB,bn120922939,1.0
SFLARE,bn131122467,1.0
SFLARE,bn141122717,1.0
SFLARE,bn230120539,1.0
SFLARE,bn231122882,1.0
SFLARE,bn121121966,1.0
SFLARE,bn100120453,1.0
SFLARE,bn121121906,1.0
SFLARE,bn100120521,1.0
GRB,bn150528656,1.0
SFLARE,bn100120745,1.0
SFLARE,bn121121640,1.0
GRB,bn150324319,1.0
GRB,bn120712571,1.0
GRB,bn141122087,1.0
GRB,bn111114233,1.0
SFLARE,bn231122049,1.0
SFLARE,bn100121450,1.0
GRB,bn151122709,1.0
SFLARE,bn120122113,1.0
SFLARE,bn141121197,1.0
SFLARE,bn121120577,1.0
SFLARE,bn121120527,1.0
GRB,bn211002740,1.0
SFLARE,bn121120453,1.0
GRB,bn161218222,1.0
GRB,bn150326542,1.0
SFLARE,bn120123162,1.0
SFLARE,bn120123169,1.0
SFLARE,bn150123119,1.0
SFLARE,bn131119760,1.0
SFLARE,bn131119749,1.0
SFLARE,bn111120224,1.0
GRB,bn200224416,1.0
SGR,bn221114616,1.0
SFLARE,bn231120132,1.0
SFLARE,bn111119931,1.0
GRB,bn140513724,1.0
SFLARE,bn131119428,1.0
GRB,bn100615083,1.0
SFLARE,bn221119537,1.0
TGF,bn231029583,1.0
TGF,bn230526025,1.0
SGR,bn230323697,1.0
TGF,bn140819252,1.0
GRB,bn150415029,1.0
TGF,bn180815065,1.0
GRB,bn220714582,1.0
SFLARE,bn230124369,1.0
SGR,bn230223997,1.0
TGF,bn230501532,1.0
GRB,bn100324172,1.0
GRB,bn091126333,1.0
GRB,bn141229492,1.0
GRB,bn120916085,1.0
GRB,bn090426066,1.0
SFLARE,bn230124869,1.0
SFLARE,bn230125156,1.0
TGF,bn081113322,1.0
SFLARE,bn230125207,1.0
GRB,bn131014215,1.0
SFLARE,bn230125409,1.0
SFLARE,bn230125528,1.0
GRB,bn130514560,1.0
GRB,bn091127976,1.0
GRB,bn140717827,1.0
TGF,bn230711838,1.0
SFLARE,bn230125937,1.0
SFLARE,bn170125428,1.0
GRB,bn081125496,1.0
GRB,bn130325203,1.0
SFLARE,bn111117307,1.0
GRB,bn151130160,1.0
GRB,bn121123442,1.0
SFLARE,bn111116903,1.0
SFLARE,bn230126542,1.0
SFLARE,bn220126313,1.0
GRB,bn190217188,1.0
GRB,bn100126460,1.0
SFLARE,bn220126434,1.0
GRB,bn150603823,1.0
SFLARE,bn141116381,1.0
GRB,bn100323542,1.0
SFLARE,bn141115914,1.0
SFLARE,bn141115897,1.0
GRB,bn090820509,1.0
GRB,bn160220059,1.0
SFLARE,bn140127086,1.0
SFLARE,bn120127757,1.0
GRB,bn100820373,1.0
GRB,bn081101167,1.0
SFLARE,bn131115166,1.0
SFLARE,bn131115099,1.0
TGF,bn120930986,1.0
GRB,bn210926869,1.0
SFLARE,bn141115258,1.0
GRB,bn210606945,1.0
SFLARE,bn111115379,1.0
SFLARE,bn140127803,1.0
GRB,bn181215110,1.0
SFLARE,bn221115118,1.0
GRB,bn150727793,1.0
SFLARE,bn160128498,1.0
GRB,bn210726106,1.0
SFLARE,bn140128024,1.0
SFLARE,bn231115166,1.0
SFLARE,bn140128227,1.0
SFLARE,bn231114961,1.0
GRB,bn130416770,1.0
SFLARE,bn140128285,1.0
SFLARE,bn140128482,1.0
SFLARE,bn121113870,1.0
SFLARE,bn140128536,1.0
SFLARE,bn141114323,1.0
SFLARE,bn140128697,1.0
SFLARE,bn140128739,1.0
SFLARE,bn220128813,1.0
SGR,bn221216827,1.0
SFLARE,bn140128927,1.0
SFLARE,bn140128938,1.0
SFLARE,bn121113337,1.0
GRB,bn120212383,1.0
SFLARE,bn140129148,1.0
SFLARE,bn150129483,1.0
GRB,bn100814160,1.0
SFLARE,bn131113381,1.0
SFLARE,bn150129515,1.0
SFLARE,bn121113084,1.0
SFLARE,bn211113361,1.0
TGF,bn210722034,1.0
SFLARE,bn121113014,1.0
SFLARE,bn140129403,1.0
GRB,bn140118064,1.0
GRB,bn111207512,1.0
TGF,bn130301689,1.0
SFLARE,bn131113055,1.0
GRB,bn210928084,1.0
SFLARE,bn141113250,1.0
SFLARE,bn131112902,1.0
TGF,bn150830541,1.0
SGR,bn210124025,1.0
SFLARE,bn121112430,1.0
SFLARE,bn131112595,1.0
GRB,bn121231445,1.0
SFLARE,bn140130048,1.0
SFLARE,bn140130056,1.0
SFLARE,bn150130318,1.0
SFLARE,bn150130509,1.0
SFLARE,bn140130262,1.0
SFLARE,bn131112342,1.0
SFLARE,bn140130275,1.0
SFLARE,bn140130285,1.0
SFLARE,bn140130330,1.0
SFLARE,bn131112266,1.0
GRB,bn151228129,1.0
SFLARE,bn131112172,1.0
TGF,bn131102562,1.0
SFLARE,bn101112336,1.0
SFLARE,bn140130618,1.0
GRB,bn090823133,1.0
GRB,bn220724988,1.0
GRB,bn130418844,1.0
GRB,bn220418720,1.0
GRB,bn180805543,1.0
GRB,bn090810781,1.0
SFLARE,bn141111721,1.0
SFLARE,bn221111775,1.0
GRB,bn120130699,1.0
SFLARE,bn221111576,1.0
GRB,bn141102112,1.0
GRB,bn100221368,1.0
GRB,bn110204179,1.0
SFLARE,bn221111482,1.0
TGF,bn110312176,1.0
SFLARE,bn221111380,1.0
TGF,bn100414253,1.0
SFLARE,bn221111298,1.0
SFLARE,bn221111246,1.0
TGF,bn150910653,1.0
TGF,bn151005404,1.0
GRB,bn211231292,1.0
SFLARE,bn140131849,1.0
SFLARE,bn111111182,1.0
GRB,bn101129652,1.0
SFLARE,bn231111165,1.0
GRB,bn130310840,1.0
SFLARE,bn221110718,1.0
GRB,bn151023104,1.0
SFLARE,bn131110215,1.0
GRB,bn110105877,1.0
GRB,bn161201342,1.0
SFLARE,bn140201448,1.0
GRB,bn100224112,1.0
GRB,bn130127743,1.0
SFLARE,bn220201674,1.0
GRB,bn130811186,1.0
SFLARE,bn140201766,1.0
GRB,bn120410585,1.0
SFLARE,bn141109926,1.0
GRB,bn220917614,1.0
TGF,bn180820343,1.0
GRB,bn150911588,1.0
SFLARE,bn140202101,1.0
GRB,bn121119579,1.0
SFLARE,bn140202126,1.0
SFLARE,bn140202176,1.0
TGF,bn110807091,1.0
SFLARE,bn131109268,1.0
GRB,bn130723092,1.0
SFLARE,bn140202394,1.0
SFLARE,bn151109545,1.0
SFLARE,bn151109537,1.0
GRB,bn140627401,1.0
TGF,bn110105512,1.0
GRB,bn200716060,1.0
GRB,bn191227069,1.0
GRB,bn230911686,1.0
GRB,bn160720275,1.0
SFLARE,bn140203029,1.0
SFLARE,bn131108394,1.0
GRB,bn240102125,1.0
SFLARE,bn121108098,1.0
GRB,bn150809516,1.0
SFLARE,bn140203308,1.0
TGF,bn160430349,1.0
SFLARE,bn140203444,1.0
GRB,bn180522607,1.0
SFLARE,bn130203256,1.0
GRB,bn180205323,1.0
SFLARE,bn140203655,1.0
TGF,bn170928445,1.0
SFLARE,bn140203768,1.0
SFLARE,bn220203862,1.0
GRB,bn110526715,1.0
SFLARE,bn150204092,1.0
SFLARE,bn131107670,1.0
GRB,bn101030664,1.0
SFLARE,bn131107603,1.0
SFLARE,bn131107595,1.0
SFLARE,bn140204056,1.0
SFLARE,bn141107743,1.0
SFLARE,bn141107711,1.0
SFLARE,bn140204122,1.0
SFLARE,bn140204160,1.0
SFLARE,bn150204421,1.0
GRB,bn170803729,1.0
GRB,bn160515819,1.0
SFLARE,bn140204240,1.0
SFLARE,bn141107503,1.0
SFLARE,bn131107151,1.0
GRB,bn150424403,1.0
GRB,bn120831901,1.0
GRB,bn101201418,1.0
SFLARE,bn140204646,1.0
SFLARE,bn141107117,1.0
SGR,bn201213772,1.0
SFLARE,bn221107003,1.0
GRB,bn111117526,1.0
SFLARE,bn111107131,1.0
SFLARE,bn131106571,1.0
SFLARE,bn140204977,1.0
SGR,bn110714533,1.0
SFLARE,bn111107011,1.0
GRB,bn221210108,1.0
SFLARE,bn131106407,1.0
TGF,bn121227687,1.0
SFLARE,bn131106367,1.0
GRB,bn210821291,1.0
GRB,bn110410133,1.0
GRB,bn110624906,1.0
SFLARE,bn111106614,1.0
SFLARE,bn131106078,1.0
SFLARE,bn140205481,1.0
SFLARE,bn231106584,1.0
TGF,bn230508390,1.0
SFLARE,bn131105948,1.0
SFLARE,bn140205613,1.0
SFLARE,bn131105877,1.0
SFLARE,bn140205685,1.0
SFLARE,bn131105832,1.0
SFLARE,bn140205713,1.0
SFLARE,bn111106273,1.0
SFLARE,bn131105756,1.0
SFLARE,bn201105520,1.0
GRB,bn110901230,1.0
SFLARE,bn201105416,1.0
GRB,bn100207721,1.0
SFLARE,bn141105772,1.0
SFLARE,bn131105345,1.0
SFLARE,bn231105898,1.0
GRB,bn100301068,1.0
SFLARE,bn231105736,1.0
SFLARE,bn131105160,1.0
GRB,bn181007385,1.0
SFLARE,bn140206475,1.0
SFLARE,bn231105605,1.0
SFLARE,bn140206496,1.0
GRB,bn170816258,1.0
GRB,bn100722096,1.0
GRB,bn120524134,1.0
SFLARE,bn231105488,1.0
GRB,bn150501017,1.0
SFLARE,bn100206787,1.0
SFLARE,bn201104347,1.0
SFLARE,bn111104936,1.0
SFLARE,bn140207091,1.0
GRB,bn110523344,1.0
SFLARE,bn111104858,1.0
GRB,bn210701834,1.0
TGF,bn161102933,1.0
SFLARE,bn141104447,1.0
TGF,bn221206774,1.0
SFLARE,bn100207334,1.0
GRB,bn111001804,1.0
SFLARE,bn141104366,1.0
SFLARE,bn140207436,1.0
GRB,bn130114019,1.0
SFLARE,bn151104568,1.0
SFLARE,bn141104298,1.0
SFLARE,bn141104267,1.0
SFLARE,bn230207835,1.0
SFLARE,bn151104500,1.0
GRB,bn110318552,1.0
GRB,bn100728095,1.0
SFLARE,bn230207962,1.0
SFLARE,bn151104373,1.0
GRB,bn190425089,1.0
SFLARE,bn131103684,1.0
GRB,bn170430204,1.0
GRB,bn170419898,1.0
SFLARE,bn151104021,1.0
TGF,bn130721401,1.0
GRB,bn140512814,1.0
SFLARE,bn100208133,1.0
SFLARE,bn101103509,1.0
SFLARE,bn100208222,1.0
SFLARE,bn131103222,1.0
SFLARE,bn100208319,1.0
TGF,bn130524498,1.0
SFLARE,bn140208432,1.0
SFLARE,bn111103463,1.0
SGR,bn230228689,1.0
GRB,bn180402406,1.0
GRB,bn111010899,1.0
GRB,bn130515430,1.0
SFLARE,bn140208733,1.0
GRB,bn220527387,1.0
SFLARE,bn230209132,1.0
GRB,bn200707072,1.0
SFLARE,bn230209261,1.0
GRB,bn110717319,1.0
SFLARE,bn141102709,1.0
GRB,bn150105257,1.0
SFLARE,bn131102197,1.0
TGF,bn150525449,1.0
SFLARE,bn211101986,1.0
SFLARE,bn131101828,1.0
GRB,bn081124060,1.0
SFLARE,bn230210125,1.0
GRB,bn120913997,1.0
GRB,bn221119627,1.0
TGF,bn161102289,1.0
SFLARE,bn230210337,1.0
SFLARE,bn110210289,1.0
GRB,bn130131511,1.0
GRB,bn130704560,1.0
GRB,bn200928290,1.0
SFLARE,bn140210266,1.0
TGF,bn160319339,1.0
SFLARE,bn211101062,1.0
TGF,bn150301963,1.0
SFLARE,bn131031570,1.0
GRB,bn220826218,1.0
SFLARE,bn150211222,1.0
TGF,bn111201690,1.0
SFLARE,bn180211047,1.0
TGF,bn230605841,1.0
GRB,bn220403424,1.0
TGF,bn220909173,1.0
SFLARE,bn131031373,1.0
GRB,bn180306479,1.0
SFLARE,bn140211143,1.0
GRB,bn150811849,1.0
SFLARE,bn151031744,1.0
SFLARE,bn230211656,1.0
SFLARE,bn141031349,1.0
GRB,bn231024556,1.0
SFLARE,bn101031186,1.0
GRB,bn091002685,1.0
GRB,bn080725435,1.0
SFLARE,bn101031137,1.0
TGF,bn221203575,1.0
SFLARE,bn101031052,1.0
GRB,bn140426515,1.0
GRB,bn110809461,1.0
SFLARE,bn141030950,1.0
GRB,bn220407167,1.0
GRB,bn160101030,1.0
SFLARE,bn140212172,1.0
SFLARE,bn141030546,1.0
SFLARE,bn111030717,1.0
SFLARE,bn100212307,1.0
SFLARE,bn230212650,1.0
SFLARE,bn100212403,1.0
GRB,bn090516853,1.0
GRB,bn160521839,1.0
GRB,bn120426585,1.0
SFLARE,bn131029912,1.0
SFLARE,bn141030024,1.0
SFLARE,bn141029960,1.0
SFLARE,bn141029951,1.0
GRB,bn140211091,1.0
TGF,bn180619279,1.0
SFLARE,bn141029890,1.0
GRB,bn130717734,1.0
SFLARE,bn231030158,1.0
SFLARE,bn101029730,1.0
SFLARE,bn131029420,1.0
SFLARE,bn141029673,1.0
SFLARE,bn141029612,1.0
SFLARE,bn131029317,1.0
SFLARE,bn141029550,1.0
GRB,bn160523919,1.0
SFLARE,bn140213254,1.0
SFLARE,bn131029188,1.0
SFLARE,bn141029424,1.0
SFLARE,bn141029416,1.0
GRB,bn141114687,1.0
GRB,bn231214329,1.0
SFLARE,bn131029146,1.0
GRB,bn091020977,1.0
SFLARE,bn160213868,1.0
SFLARE,bn141029278,1.0
TGF,bn190622029,1.0
SFLARE,bn100213524,1.0
SFLARE,bn141029152,1.0
SFLARE,bn131028870,1.0
SFLARE,bn091028818,1.0
SFLARE,bn140213663,1.0
SFLARE,bn110213731,1.0
GRB,bn190727846,1.0
SFLARE,bn230214084,1.0
SFLARE,bn131028624,1.0
SFLARE,bn140213828,1.0
SFLARE,bn211028660,1.0
SFLARE,bn131028586,1.0
GRB,bn170901255,1.0
SFLARE,bn160214399,1.0
SFLARE,bn131028492,1.0
SFLARE,bn131028483,1.0
SFLARE,bn211028434,1.0
SFLARE,bn140214128,1.0
SFLARE,bn140214186,1.0
SFLARE,bn230214505,1.0
SFLARE,bn131028192,1.0
SFLARE,bn141028434,1.0
SFLARE,bn141028366,1.0
SFLARE,bn141028348,1.0
SFLARE,bn131028083,1.0
TGF,bn131102608,1.0
SFLARE,bn140214444,1.0
SFLARE,bn141028248,1.0
SFLARE,bn110214725,1.0
SFLARE,bn141028173,1.0
SFLARE,bn140214523,1.0
SFLARE,bn141028144,1.0
SFLARE,bn151028399,1.0
SFLARE,bn140214559,1.0
SFLARE,bn110214810,1.0
SFLARE,bn091027817,1.0
SFLARE,bn141028040,1.0
SFLARE,bn140214691,1.0
SFLARE,bn131027743,1.0
SFLARE,bn131027727,1.0
SFLARE,bn140214723,1.0
GRB,bn150723608,1.0
SFLARE,bn141027897,1.0
SFLARE,bn110215025,1.0
SFLARE,bn110215075,1.0
GRB,bn110117626,1.0
GRB,bn140302342,1.0
SFLARE,bn110215131,1.0
SFLARE,bn131027526,1.0
SGR,bn201128270,1.0
SFLARE,bn141027612,1.0
SFLARE,bn110215332,1.0
TGF,bn181018397,1.0
GRB,bn091013989,1.0
SFLARE,bn141027418,1.0
SFLARE,bn160215781,1.0
SFLARE,bn131027021,1.0
TGF,bn210421842,1.0
SFLARE,bn131026808,1.0
SFLARE,bn131026748,1.0
SFLARE,bn130215455,1.0
GRB,bn140408553,1.0
SFLARE,bn141026846,1.0
SFLARE,bn110216067,1.0
GRB,bn111011094,1.0
SFLARE,bn141026756,1.0
SFLARE,bn131026465,1.0
SFLARE,bn131026399,1.0
SFLARE,bn110216319,1.0
GRB,bn230418883,1.0
GRB,bn100322045,1.0
SFLARE,bn160216701,1.0
TGF,bn190613961,1.0
SFLARE,bn141026462,1.0
SFLARE,bn141026452,1.0
SFLARE,bn141026445,1.0
GRB,bn240118725,1.0
SFLARE,bn211026115,1.0
SFLARE,bn110216600,1.0
GRB,bn150126868,1.0
GRB,bn171230119,1.0
GRB,bn150329288,1.0
SFLARE,bn131025873,1.0
GRB,bn120820585,1.0
GRB,bn200713919,1.0
SFLARE,bn140216577,1.0
SFLARE,bn131025805,1.0
SFLARE,bn141025974,1.0
SFLARE,bn131025621,1.0
SFLARE,bn131025607,1.0
SFLARE,bn141025734,1.0
SFLARE,bn141025720,1.0
SFLARE,bn141025707,1.0
SFLARE,bn131025407,1.0
SFLARE,bn141025658,1.0
SFLARE,bn131025338,1.0
GRB,bn150817087,1.0
SFLARE,bn141025373,1.0
SFLARE,bn131025114,1.0
SFLARE,bn110217524,1.0
TGF,bn120117499,1.0
GRB,bn110120666,1.0
GRB,bn130821674,1.0
SFLARE,bn110217677,1.0
SFLARE,bn141025172,1.0
SFLARE,bn131024884,1.0
SFLARE,bn230217833,1.0
GRB,bn110407998,1.0
SFLARE,bn131024809,1.0
GRB,bn100218194,1.0
GRB,bn121229533,1.0
GRB,bn211115688,1.0
SFLARE,bn141024896,1.0
GRB,bn220510147,1.0
GRB,bn121123421,1.0
GRB,bn090516353,1.0
SGR,bn210106007,1.0
SFLARE,bn130217652,1.0
SFLARE,bn121024229,1.0
SFLARE,bn130217660,1.0
SFLARE,bn131024436,1.0
SFLARE,bn131024419,1.0
GRB,bn220114585,1.0
SFLARE,bn110218271,1.0
SFLARE,bn130217851,1.0
GRB,bn130919173,1.0
SFLARE,bn131024176,1.0
SFLARE,bn110218537,1.0
SFLARE,bn141024335,1.0
GRB,bn090917661,1.0
GRB,bn130306991,1.0
SFLARE,bn141024320,1.0
SFLARE,bn221024332,1.0
SFLARE,bn131024016,1.0
GRB,bn200216380,1.0
SFLARE,bn230218773,1.0
SFLARE,bn110218786,1.0
SFLARE,bn230218930,1.0
GRB,bn130503214,1.0
GRB,bn230628233,1.0
GRB,bn130509839,1.0
SFLARE,bn230219167,1.0
GRB,bn151129333,1.0
SFLARE,bn121023135,1.0
GRB,bn201011837,1.0
GRB,bn110803783,1.0
GRB,bn130420343,1.0
SFLARE,bn131023220,1.0
TGF,bn170320675,1.0
SFLARE,bn141023404,1.0
TGF,bn221008888,1.0
SFLARE,bn121022782,1.0
GRB,bn101127102,1.0
GRB,bn090804940,1.0
SFLARE,bn131022888,1.0
TGF,bn230305582,1.0
TGF,bn110709173,1.0
GRB,bn150703149,1.0
GRB,bn140320092,1.0
GRB,bn110424758,1.0
SFLARE,bn140219932,1.0
TGF,bn210213089,1.0
GRB,bn100926694,1.0
TGF,bn220504172,1.0
SFLARE,bn141022599,1.0
SFLARE,bn141022587,1.0
GRB,bn200529039,1.0
GRB,bn121004211,1.0
SFLARE,bn141022345,1.0
SFLARE,bn141022327,1.0
SFLARE,bn141022320,1.0
SGR,bn220827687,1.0
SFLARE,bn230220621,1.0
GRB,bn151021791,1.0
GRB,bn150101641,1.0
GRB,bn140526571,1.0
SFLARE,bn141022218,1.0
GRB,bn170109137,1.0
SFLARE,bn130220232,1.0
GRB,bn090514006,1.0
GRB,bn110503145,1.0
SFLARE,bn141022075,1.0
SFLARE,bn141022068,1.0
GRB,bn110923835,1.0
GRB,bn130123843,1.0
SFLARE,bn230221088,1.0
GRB,bn110207470,1.0
SFLARE,bn141021796,1.0
GRB,bn220825082,1.0
GRB,bn230415867,1.0
GRB,bn220705282,1.0
GRB,bn140712706,1.0
SFLARE,bn141021519,1.0
SFLARE,bn151021744,1.0
SFLARE,bn151021604,1.0
SFLARE,bn151021580,1.0
GRB,bn111103441,1.0
SFLARE,bn141020949,1.0
SFLARE,bn151021188,1.0
TGF,bn170821288,1.0
GRB,bn171010792,1.0
SFLARE,bn141020831,1.0
SFLARE,bn141020790,1.0
GRB,bn221221915,1.0
GRB,bn120402669,1.0
SFLARE,bn141020673,1.0
GRB,bn200619252,1.0
GRB,bn100517154,1.0
GRB,bn090720276,1.0
GRB,bn140129499,1.0
GRB,bn140916234,1.0
GRB,bn151001348,1.0
SFLARE,bn111020085,1.0
SFLARE,bn221019906,1.0
SFLARE,bn141019731,1.0
TGF,bn170808712,1.0
SFLARE,bn230223197,1.0
SFLARE,bn230223259,1.0
SFLARE,bn111019818,1.0
SFLARE,bn230223325,1.0
SFLARE,bn230223340,1.0
SFLARE,bn151019727,1.0
GRB,bn110227420,1.0
SFLARE,bn141019241,1.0
GRB,bn130510877,1.0
GRB,bn120119170,1.0
SFLARE,bn111019203,1.0
GRB,bn090426690,1.0
GRB,bn140619475,1.0
SFLARE,bn141018711,1.0
SFLARE,bn131018453,1.0
GRB,bn141011282,1.0
GRB,bn110108977,1.0
GRB,bn151011136,1.0
SFLARE,bn131018311,1.0
SFLARE,bn141018544,1.0
SFLARE,bn110224312,1.0
SFLARE,bn131018213,1.0
SFLARE,bn131018129,1.0
SFLARE,bn141018281,1.0
GRB,bn130626452,1.0
GRB,bn150216415,1.0
SFLARE,bn230224718,1.0
GRB,bn160621497,1.0
GRB,bn181225489,1.0
SFLARE,bn131017725,1.0
SFLARE,bn110224817,1.0
GRB,bn130720582,1.0
SFLARE,bn121017329,1.0
SFLARE,bn141017814,1.0
GRB,bn090829702,1.0
GRB,bn191119261,1.0
SFLARE,bn230225180,1.0
GRB,bn120907017,1.0
SFLARE,bn140224900,1.0
SFLARE,bn110225220,1.0
TGF,bn100409543,1.0
SFLARE,bn140225029,1.0
TGF,bn131102535,1.0
GRB,bn090405663,1.0
GRB,bn160225720,1.0
SFLARE,bn140225263,1.0
GRB,bn230112829,1.0
SFLARE,bn141017220,1.0
SFLARE,bn230225651,1.0
TGF,bn120908579,1.0
GRB,bn081120618,1.0
GRB,bn120817057,1.0
GRB,bn180128252,1.0
SFLARE,bn140225630,1.0
GRB,bn160710233,1.0
GRB,bn170208940,1.0
SFLARE,bn151017149,1.0
SFLARE,bn131016605,1.0
GRB,bn230814788,1.0
GRB,bn190829830,1.0
TGF,bn091227540,1.0
GRB,bn230402314,1.0
GRB,bn140104731,1.0
GRB,bn090319622,1.0
SGR,bn230321259,1.0
GRB,bn190627481,1.0
SFLARE,bn141016503,1.0
SFLARE,bn141016366,1.0
SFLARE,bn141016316,1.0
SFLARE,bn151016557,1.0
GRB,bn120429003,1.0
GRB,bn140106345,1.0
SFLARE,bn151016375,1.0
GRB,bn110426629,1.0
GRB,bn081206987,1.0
SFLARE,bn151015978,1.0
SFLARE,bn151015902,1.0
TGF,bn150531687,1.0
SFLARE,bn140226889,1.0
SFLARE,bn131015358,1.0
GRB,bn220909286,1.0
GRB,bn220724457,1.0
SFLARE,bn151015775,1.0
GRB,bn140206275,1.0
GRB,bn120129312,1.0
SFLARE,bn131015212,1.0
GRB,bn101025146,1.0
SGR,bn130913625,1.0
SFLARE,bn140227247,1.0
GRB,bn090217206,1.0
SFLARE,bn140227358,1.0
SFLARE,bn140227378,1.0
GRB,bn150127398,1.0
SFLARE,bn140227448,1.0
SGR,bn130913757,1.0
GRB,bn160104918,1.0
GRB,bn100401297,1.0
SFLARE,bn141014828,1.0
SFLARE,bn141014781,1.0
SFLARE,bn141014774,1.0
GRB,bn210801649,1.0
GRB,bn090330279,1.0
GRB,bn100516369,1.0
SFLARE,bn230228174,1.0
GRB,bn180511364,1.0
SFLARE,bn111014761,1.0
SFLARE,bn140228033,1.0
GRB,bn130213905,1.0
GRB,bn200402824,1.0
GRB,bn190822705,1.0
TGF,bn170107450,1.0
SFLARE,bn110228470,1.0
SFLARE,bn110228502,1.0
SFLARE,bn110228533,1.0
SFLARE,bn230228737,1.0
GRB,bn110717180,1.0
SFLARE,bn230301167,1.0
GRB,bn141205763,1.0
SFLARE,bn110301143,1.0
GRB,bn191130507,1.0
GRB,bn160804968,1.0
GRB,bn130802730,1.0
GRB,bn190512611,1.0
SFLARE,bn211012666,1.0
GRB,bn111113410,1.0
GRB,bn200416295,1.0
SFLARE,bn151013052,1.0
GRB,bn110618760,1.0
GRB,bn101031625,1.0
GRB,bn120223933,1.0
SFLARE,bn221012686,1.0
SGR,bn110810685,1.0
SFLARE,bn230302197,1.0
GRB,bn120604220,1.0
GRB,bn090326633,1.0
SFLARE,bn230302335,1.0
GRB,bn170611937,1.0
GRB,bn200703341,1.0
GRB,bn090929190,1.0
SFLARE,bn141012218,1.0
TGF,bn130306223,1.0
SFLARE,bn150302640,1.0
GRB,bn120411925,1.0
GRB,bn211201863,1.0
GRB,bn130908677,1.0
GRB,bn120118709,1.0
SFLARE,bn231012204,1.0
GRB,bn130924255,1.0
GRB,bn160310016,1.0
SFLARE,bn221011762,1.0
GRB,bn101104810,1.0
GRB,bn150613995,1.0
GRB,bn170409112,1.0
SFLARE,bn231011923,1.0
GRB,bn111017657,1.0
TGF,bn221114697,1.0
SGR,bn201213162,1.0
SFLARE,bn221011452,1.0
GRB,bn211024065,1.0
GRB,bn100330856,1.0
GRB,bn140404900,1.0
SFLARE,bn121010787,1.0
GRB,bn140825980,1.0
GRB,bn210101861,1.0
TGF,bn190101554,1.0
TGF,bn130930128,1.0
TGF,bn160726932,1.0
GRB,bn110528624,1.0
TGF,bn200122398,1.0
SFLARE,bn230303743,1.0
SFLARE,bn121010449,1.0
SFLARE,bn221010971,1.0
SGR,bn201123719,1.0
SGR,bn210217341,1.0
SFLARE,bn140303665,1.0
SGR,bn201105099,1.0
SFLARE,bn221010806,1.0
SFLARE,bn121010204,1.0
SFLARE,bn110303997,1.0
SFLARE,bn230304101,1.0
GRB,bn180914522,1.0
GRB,bn090718720,1.0
GRB,bn160726065,1.0
SFLARE,bn230304298,1.0
GRB,bn150705588,1.0
GRB,bn200402688,1.0
SFLARE,bn111010607,1.0
GRB,bn230305570,1.0
GRB,bn100707032,1.0
SFLARE,bn140304203,1.0
SGR,bn110221029,1.0
SFLARE,bn230304569,1.0
SFLARE,bn230304658,1.0
SGR,bn110217330,1.0
GRB,bn090625234,1.0
GRB,bn210605622,1.0
GRB,bn170516808,1.0
SFLARE,bn131009595,1.0
TGF,bn140920177,1.0
GRB,bn210722871,1.0
GRB,bn131214705,1.0
SFLARE,bn231009949,1.0
SFLARE,bn230305117,1.0
SFLARE,bn120304445,1.0
SFLARE,bn120304461,1.0
SFLARE,bn140305011,1.0
TGF,bn130728569,1.0
SFLARE,bn120304540,1.0
TGF,bn201119634,1.0
SFLARE,bn131009064,1.0
TGF,bn150106155,1.0
SFLARE,bn141009284,1.0
SFLARE,bn141009209,1.0
GRB,bn140327065,1.0
SFLARE,bn230305561,1.0
SFLARE,bn231009482,1.0
GRB,bn151026169,1.0
SFLARE,bn141009081,1.0
GRB,bn190714573,1.0
SFLARE,bn141009071,1.0
GRB,bn190930400,1.0
TGF,bn120407872,1.0
SFLARE,bn150305751,1.0
SFLARE,bn230305897,1.0
SFLARE,bn120305164,1.0
SFLARE,bn120305186,1.0
GRB,bn201226553,1.0
SFLARE,bn120305250,1.0
SFLARE,bn230306096,1.0
SFLARE,bn230306107,1.0
SGR,bn210106216,1.0
SGR,bn210213417,1.0
GRB,bn210309999,1.0
SGR,bn110807970,1.0
SFLARE,bn120305506,1.0
SFLARE,bn120305522,1.0
GRB,bn110921444,1.0
SFLARE,bn110306441,1.0
TGF,bn180209336,1.0
SFLARE,bn120305775,1.0
GRB,bn130504314,1.0
SFLARE,bn120305802,1.0
GRB,bn201011629,1.0
SFLARE,bn120305844,1.0
SFLARE,bn110306613,1.0
SFLARE,bn140306391,1.0
GRB,bn221027173,1.0
SFLARE,bn110306642,1.0
TGF,bn170219373,1.0
SFLARE,bn110306674,1.0
GRB,bn131127480,1.0
GRB,bn111008992,1.0
SFLARE,bn110306748,1.0
TGF,bn150528885,1.0
SFLARE,bn120306053,1.0
SFLARE,bn120306169,1.0
SFLARE,bn120306227,1.0
SFLARE,bn120306244,1.0
TGF,bn180613009,1.0
GRB,bn150303516,1.0
SFLARE,bn120306315,1.0
SFLARE,bn120306329,1.0
SFLARE,bn230307168,1.0
TGF,bn231108264,1.0
SFLARE,bn120306365,1.0
SFLARE,bn120306379,1.0
GRB,bn081130629,1.0
GRB,bn170813051,1.0
GRB,bn150922234,1.0
SFLARE,bn231007770,1.0
GRB,bn201231550,1.0
SFLARE,bn110307268,1.0
GRB,bn180227211,1.0
SFLARE,bn110307328,1.0
SFLARE,bn110307338,1.0
SFLARE,bn110307388,1.0
GRB,bn131030791,1.0
SFLARE,bn120306823,1.0
GRB,bn230723488,1.0
SFLARE,bn110307598,1.0
SFLARE,bn110307611,1.0
SFLARE,bn120306897,1.0
SFLARE,bn120307021,1.0
SFLARE,bn120307042,1.0
SFLARE,bn120307049,1.0
SFLARE,bn120307088,1.0
SFLARE,bn150307858,1.0
SFLARE,bn110307835,1.0
SFLARE,bn110307858,1.0
SFLARE,bn150307912,1.0
SFLARE,bn110307908,1.0
SFLARE,bn150307942,1.0
SFLARE,bn110308103,1.0
GRB,bn230112342,1.0
GRB,bn221022815,1.0
GRB,bn130628531,1.0
SFLARE,bn110308340,1.0
TGF,bn140401806,1.0
SGR,bn110623612,1.0
SGR,bn110209218,1.0
SGR,bn150715817,1.0
SGR,bn150715759,1.0
SFLARE,bn110308764,1.0
GRB,bn150213001,1.0
SFLARE,bn120308120,1.0
SFLARE,bn230308946,1.0
GRB,bn200811632,1.0
SFLARE,bn110308983,1.0
SFLARE,bn150309010,1.0
GRB,bn211002338,1.0
SFLARE,bn120308361,1.0
SFLARE,bn110309105,1.0
SFLARE,bn231005799,1.0
SFLARE,bn110309271,1.0
GRB,bn190613449,1.0
SFLARE,bn111005527,1.0
GRB,bn100511035,1.0
GRB,bn101016243,1.0
SFLARE,bn110309452,1.0
SFLARE,bn110309459,1.0
SFLARE,bn150309603,1.0
SFLARE,bn150309736,1.0
SFLARE,bn120309082,1.0
SFLARE,bn120309145,1.0
SFLARE,bn101004689,1.0
SFLARE,bn120309152,1.0
SFLARE,bn120309160,1.0
SFLARE,bn110309920,1.0
GRB,bn131011741,1.0
SFLARE,bn120309214,1.0
SFLARE,bn150309985,1.0
SFLARE,bn150309991,1.0
SFLARE,bn110309971,1.0
GRB,bn131229277,1.0
GRB,bn100420008,1.0
SFLARE,bn150310038,1.0
GRB,bn121023322,1.0
SFLARE,bn221004632,1.0
SFLARE,bn150310134,1.0
SFLARE,bn110310123,1.0
SFLARE,bn150310174,1.0
SFLARE,bn150310182,1.0
SFLARE,bn150310308,1.0
GRB,bn180623849,1.0
SGR,bn110616881,1.0
SFLARE,bn150310394,1.0
TGF,bn131103273,1.0
GRB,bn200327873,1.0
GRB,bn220729429,1.0
GRB,bn140526449,1.0
GRB,bn130518551,1.0
SFLARE,bn151004110,1.0
SGR,bn150813665,1.0
SFLARE,bn221003847,1.0
SFLARE,bn140310643,1.0
GRB,bn141112828,1.0
TGF,bn220321777,1.0
SFLARE,bn221003643,1.0
GRB,bn100829374,1.0
GRB,bn211210937,1.0
TGF,bn131111871,1.0
SFLARE,bn140310953,1.0
SFLARE,bn221003453,1.0
SFLARE,bn150311301,1.0
TGF,bn161203745,1.0
GRB,bn190323548,1.0
SFLARE,bn150311331,1.0
SFLARE,bn140311159,1.0
SFLARE,bn120310737,1.0
GRB,bn150507026,1.0
SFLARE,bn221003104,1.0
GRB,bn210303425,1.0
TGF,bn150820373,1.0
GRB,bn140723067,1.0
GRB,bn090616157,1.0
SFLARE,bn140311501,1.0
SFLARE,bn150311778,1.0
GRB,bn170302719,1.0
SFLARE,bn221002852,1.0
SFLARE,bn221002845,1.0
SFLARE,bn141002788,1.0
SFLARE,bn111002906,1.0
GRB,bn211018936,1.0
GRB,bn170228794,1.0
SFLARE,bn221002582,1.0
GRB,bn120204054,1.0
TGF,bn111027761,1.0
SFLARE,bn111002632,1.0
SFLARE,bn230312255,1.0
SFLARE,bn110312191,1.0
GRB,bn121031949,1.0
TGF,bn210627854,1.0
GRB,bn110613631,1.0
GRB,bn100427356,1.0
GRB,bn180917477,1.0
SFLARE,bn110312435,1.0
SFLARE,bn150312490,1.0
SFLARE,bn150312506,1.0
SFLARE,bn151002266,1.0
SFLARE,bn150312586,1.0
GRB,bn150506972,1.0
SFLARE,bn111002030,1.0
GRB,bn210719164,1.0
GRB,bn090713020,1.0
TGF,bn201011458,1.0
SFLARE,bn150312827,1.0
SFLARE,bn151002006,1.0
TGF,bn200429020,1.0
SFLARE,bn221001752,1.0
SFLARE,bn150312908,1.0
SFLARE,bn150312956,1.0
SFLARE,bn140312938,1.0
GRB,bn150127589,1.0
GRB,bn110605780,1.0
SFLARE,bn141001349,1.0
SFLARE,bn150313244,1.0
GRB,bn121008424,1.0
SFLARE,bn150313316,1.0
GRB,bn221115018,1.0
TGF,bn221027792,1.0
